AAPL percent,boston humidity,WEN price,microsoft trend,MSFT price,SHAK price,MSFT volume,TSLA percent,AMZN price,apple trend,MCD price,AMZN percent,MCD volume,AAPL volume,SHAK volume,new york city humidity,WEN percent,NFLX percent,MCD percent,FB price,AAPL price,boston temperature,TSLA price,NFLX price,TSLA volume,AMZN volume,amazon trend,FB volume,los angeles temperature,FB percent,SHAK percent,new york city temperature,los angeles humidity,MSFT percent,facebook trend,WEN volume,minutes,NFLX volume
0.0211,72.0,17.02,4.0,108.44,46.44,2181691.0,0.003,1632.77,14.0,184.65,0.0154,231716.0,3290841.0,52554.0,81.0,0.0044,0.017,0.0095,143.03,167.35,35.0,375.65,271.32,796528.0,368212.0,45.0,1295234.0,57.0,0.0137,0.0019,45.0,37.0,0.0093,52.0,95755.0,600,658458.0
0.0198,72.0,17.02,4.0,108.73,46.4,2395479.0,0.0001,1633.73,14.0,184.93,0.0149,263424.0,3354305.0,53154.0,81.0,0.0044,0.0139,0.008,143.09,167.56,35.0,376.76,272.18,813817.0,374272.0,45.0,1336595.0,57.0,0.0132,0.0011,45.0,37.0,0.0066,52.0,97055.0,601,669224.0
0.021,72.0,17.01,4.0,108.85,46.47,2499436.0,0.0003,1633.0,15.0,184.99,0.0153,279070.0,3422322.0,53954.0,81.0,0.0047,0.012,0.0077,143.15,167.36,35.0,376.9,272.71,829543.0,381472.0,42.0,1404881.0,57.0,0.0128,0.0026,45.0,37.0,0.0055,42.0,100655.0,603,705312.0
0.0193,72.0,17.02,4.0,108.79,46.28,2577929.0,0.0005,1634.67,15.0,184.88,0.0143,297472.0,3500783.0,57118.0,81.0,0.0041,0.0129,0.0083,143.09,167.65,35.0,376.62,272.46,876674.0,393115.0,42.0,1461965.0,57.0,0.0132,0.0015,45.0,37.0,0.006,42.0,112249.0,605,740441.0
0.0211,72.0,17.02,4.0,108.78,46.34,2635644.0,0.006,1631.08,14.0,185.15,0.0165,312260.0,3564450.0,60234.0,81.0,0.0044,0.0109,0.0069,143.06,167.34,35.0,374.55,273.0,922413.0,400340.0,48.0,1500943.0,57.0,0.0135,0.0002,45.0,37.0,0.0061,50.0,113325.0,607,781454.0
0.0211,72.0,17.01,4.0,108.84,46.38,2659669.0,0.0053,1632.57,14.0,185.05,0.0156,316860.0,3591818.0,62034.0,81.0,0.005,0.0109,0.0074,143.02,167.34,35.0,374.8,273.0,934533.0,402863.0,48.0,1524478.0,57.0,0.0137,0.0006,45.0,37.0,0.0056,50.0,114425.0,608,796534.0
0.0215,72.0,17.03,4.0,108.81,46.55,2682453.0,0.0048,1631.77,14.0,185.14,0.016,319950.0,3616391.0,64834.0,81.0,0.0038,0.0104,0.0069,143.08,167.28,35.0,375.0,273.16,939508.0,404763.0,48.0,1537000.0,57.0,0.0133,0.0043,45.0,37.0,0.0058,50.0,116095.0,609,820516.0
0.0222,72.0,17.04,4.0,108.76,46.5,2702336.0,0.0061,1629.93,13.0,185.03,0.0172,325750.0,3644068.0,65234.0,81.0,0.0029,0.0099,0.0075,143.03,167.16,35.0,374.5,273.29,957285.0,409671.0,48.0,1551955.0,57.0,0.0137,0.0032,45.0,37.0,0.0063,51.0,117795.0,610,830712.0
0.0225,72.0,17.03,4.0,108.76,46.39,2732170.0,0.0087,1628.15,13.0,185.07,0.0182,332350.0,3683199.0,66234.0,81.0,0.0035,0.0123,0.0073,142.84,167.11,35.0,373.5,272.62,983268.0,413612.0,48.0,1571523.0,57.0,0.015,0.0009,45.0,37.0,0.0063,51.0,118995.0,611,839801.0
0.0218,72.0,17.05,4.0,108.94,46.39,2759732.0,0.0074,1629.7,13.0,185.17,0.0173,337364.0,3710789.0,66234.0,81.0,0.0026,0.011,0.0068,143.01,167.22,35.0,374.0,272.98,991646.0,417087.0,48.0,1582199.0,57.0,0.0138,0.0009,45.0,37.0,0.0047,51.0,119495.0,612,844084.0
0.0223,72.0,17.04,4.0,108.77,46.54,2779922.0,0.0074,1629.23,13.0,185.08,0.0176,349388.0,3736890.0,66654.0,81.0,0.0032,0.0109,0.0073,142.97,167.15,35.0,374.0,273.0,1002761.0,418336.0,47.0,1588348.0,57.0,0.014,0.0041,45.0,37.0,0.0062,50.0,120395.0,613,853812.0
0.0228,72.0,17.02,4.0,108.77,46.54,2802072.0,0.0084,1629.22,13.0,185.0,0.0176,360760.0,3769778.0,66654.0,81.0,0.0041,0.0108,0.0077,143.03,167.06,35.0,373.63,273.04,1005961.0,419996.0,47.0,1602449.0,57.0,0.0137,0.0041,45.0,37.0,0.0062,50.0,122855.0,614,868181.0
0.0217,72.0,17.01,4.0,108.88,46.56,2830061.0,0.0068,1631.79,13.0,185.07,0.016,402640.0,3830746.0,67054.0,81.0,0.0047,0.0071,0.0073,143.16,167.24,35.0,374.22,274.06,1010676.0,424356.0,47.0,1664610.0,57.0,0.0128,0.0045,45.0,37.0,0.0052,50.0,124855.0,615,885805.0
0.0205,72.0,17.0,4.0,108.97,46.65,2866123.0,0.0064,1634.8,14.0,184.92,0.0142,409046.0,3868818.0,67454.0,81.0,0.0053,0.0051,0.0081,143.35,167.45,35.0,374.39,274.6,1014500.0,430452.0,48.0,1706962.0,57.0,0.0114,0.0065,45.0,37.0,0.0044,50.0,127755.0,616,903716.0
0.0193,72.0,16.98,4.0,109.15,46.74,2912815.0,0.0055,1635.86,14.0,185.02,0.0136,416646.0,3949959.0,68254.0,81.0,0.0067,0.0034,0.0076,143.41,167.65,35.0,374.72,275.07,1021051.0,438963.0,48.0,1751061.0,57.0,0.011,0.0084,45.0,37.0,0.0027,50.0,133605.0,617,915601.0
0.0198,72.0,16.96,4.0,109.08,46.62,2962408.0,0.0091,1634.0,14.0,184.98,0.0147,437658.0,4002240.0,68854.0,81.0,0.0076,0.0063,0.0078,143.4,167.56,35.0,373.37,274.27,1049701.0,442743.0,48.0,1757531.0,57.0,0.0111,0.0058,45.0,37.0,0.0034,50.0,135505.0,618,925254.0
0.0212,72.0,16.95,4.0,109.05,46.64,2988160.0,0.0075,1635.09,15.0,184.85,0.014,440908.0,4036314.0,72454.0,81.0,0.0082,0.0058,0.0085,143.48,167.33,35.0,373.95,274.42,1067593.0,445494.0,47.0,1764061.0,57.0,0.0106,0.0063,45.0,37.0,0.0037,50.0,136495.0,619,929811.0
0.0219,72.0,16.94,4.0,109.06,46.64,3007670.0,0.007,1633.01,15.0,184.7,0.0153,445716.0,4095305.0,72454.0,81.0,0.0091,0.006,0.0093,143.61,167.21,35.0,374.14,274.36,1076320.0,447224.0,47.0,1784462.0,57.0,0.0097,0.0063,45.0,37.0,0.0036,50.0,137695.0,620,935493.0
0.0223,72.0,16.94,4.0,109.0,46.49,3031196.0,0.0077,1633.07,15.0,184.5,0.0153,447984.0,4131362.0,75046.0,81.0,0.0091,0.0081,0.0104,143.41,167.14,35.0,373.87,273.79,1080120.0,449282.0,47.0,1812327.0,57.0,0.011,0.003,45.0,37.0,0.0041,50.0,138495.0,621,943031.0
0.0219,72.0,16.93,4.0,109.05,46.47,3051063.0,0.0086,1631.78,15.0,184.54,0.016,450080.0,4157547.0,78446.0,81.0,0.0094,0.01,0.0101,143.34,167.21,35.0,373.54,273.26,1085260.0,451382.0,46.0,1824777.0,57.0,0.0115,0.0026,45.0,37.0,0.0037,50.0,139395.0,622,956520.0
0.0216,72.0,16.93,4.0,109.09,46.47,3078472.0,0.0085,1633.99,15.0,184.68,0.0147,455280.0,4185433.0,78446.0,81.0,0.0094,0.0071,0.0094,143.49,167.26,35.0,373.58,274.07,1087370.0,453232.0,46.0,1843911.0,57.0,0.0105,0.0026,45.0,37.0,0.0033,50.0,141660.0,623,974693.0
0.0226,72.0,16.96,4.0,108.94,46.47,3108755.0,0.0083,1631.67,15.0,184.72,0.0161,458730.0,4249253.0,78446.0,81.0,0.0076,0.0083,0.0092,143.51,167.08,35.0,373.66,273.73,1090085.0,460099.0,46.0,1880511.0,57.0,0.0103,0.0026,45.0,37.0,0.0047,50.0,198298.0,624,982867.0
0.0239,72.0,16.98,4.0,108.86,46.47,3143769.0,0.0078,1631.0,15.0,184.8,0.0165,471946.0,4391537.0,78446.0,81.0,0.0064,0.0092,0.0087,143.56,166.86,35.0,373.87,273.48,1097415.0,466772.0,47.0,1899026.0,57.0,0.01,0.0026,45.0,37.0,0.0054,51.0,218836.0,625,987881.0
0.024,72.0,16.98,4.0,108.85,46.54,3168150.0,0.008,1631.0,15.0,184.91,0.0165,480716.0,4472933.0,78646.0,81.0,0.0064,0.0084,0.0082,143.62,166.83,35.0,373.76,273.7,1101562.0,469097.0,47.0,1917966.0,57.0,0.0096,0.0041,45.0,37.0,0.0055,51.0,228890.0,626,993862.0
0.0277,72.0,16.96,4.0,108.6,46.54,3228034.0,0.0081,1628.0,15.0,184.83,0.0183,488798.0,4719835.0,78646.0,81.0,0.0076,0.0127,0.0086,143.29,166.21,35.0,373.72,272.52,1108124.0,479879.0,47.0,1942845.0,57.0,0.0119,0.0041,45.0,37.0,0.0078,51.0,232024.0,627,1001081.0
0.0265,72.0,16.95,4.0,108.57,46.44,3270233.0,0.0069,1627.32,15.0,184.77,0.0187,492880.0,4830293.0,79046.0,81.0,0.0085,0.0118,0.0089,143.33,166.42,35.0,374.19,272.78,1113074.0,487495.0,45.0,1965560.0,57.0,0.0116,0.0019,45.0,37.0,0.008,51.0,233124.0,628,1015378.0
0.0271,72.0,16.95,4.0,108.45,46.5,3303887.0,0.0055,1627.16,15.0,184.79,0.0188,497080.0,4874559.0,79846.0,81.0,0.0085,0.0116,0.0088,143.18,166.32,35.0,374.73,272.83,1127968.0,494170.0,45.0,1986244.0,57.0,0.0126,0.0032,45.0,37.0,0.0091,51.0,233724.0,629,1019542.0
0.0273,72.0,16.93,4.0,108.42,46.51,3370357.0,0.0063,1627.44,15.0,184.64,0.0187,510880.0,4938060.0,80846.0,81.0,0.0092,0.0134,0.0096,143.31,166.28,35.0,374.4,272.32,1131918.0,498966.0,45.0,2004867.0,57.0,0.0117,0.0034,45.0,37.0,0.0095,51.0,238229.0,630,1034750.0
0.0281,72.0,16.91,4.0,108.35,46.44,3410730.0,0.0055,1626.66,15.0,184.63,0.0191,515680.0,5015463.0,81046.0,81.0,0.0108,0.0145,0.0097,143.19,166.15,35.0,374.7,272.02,1143918.0,503339.0,46.0,2016473.0,57.0,0.0126,0.0019,45.0,37.0,0.0101,49.0,256361.0,631,1049040.0
0.027,72.0,16.91,4.0,108.47,46.53,3454175.0,0.0048,1628.01,15.0,184.65,0.0183,521316.0,5070605.0,81246.0,81.0,0.0105,0.0132,0.0095,143.24,166.33,35.0,375.0,272.38,1149183.0,505285.0,46.0,2029499.0,57.0,0.0122,0.0039,45.0,37.0,0.009,49.0,258361.0,632,1054582.0
0.0273,72.0,16.91,4.0,108.43,46.5,3497802.0,0.0048,1627.2,15.0,184.53,0.0188,523716.0,5109602.0,81446.0,81.0,0.0105,0.0139,0.0102,143.18,166.28,35.0,374.99,272.18,1152887.0,506610.0,46.0,2113170.0,57.0,0.0126,0.0031,45.0,36.0,0.0093,49.0,259761.0,633,1057978.0
0.0276,72.0,16.89,4.0,108.44,46.46,3550307.0,0.0065,1626.02,15.0,184.33,0.0195,531598.0,5202275.0,82046.0,81.0,0.0114,0.0153,0.0113,142.96,166.24,35.0,374.35,271.8,1159341.0,518328.0,47.0,2145871.0,57.0,0.0141,0.0024,45.0,36.0,0.0092,51.0,264261.0,634,1064998.0
0.0277,66.0,16.89,4.0,108.4,46.44,3576578.0,0.0066,1627.44,15.0,184.32,0.0187,534988.0,5269623.0,82446.0,76.0,0.0117,0.0134,0.0113,142.99,166.22,39.0,374.3,272.32,1163581.0,523035.0,47.0,2169617.0,57.0,0.0139,0.0019,47.0,36.0,0.0096,51.0,266861.0,635,1069634.0
0.0269,66.0,16.9,4.0,108.38,46.44,3631198.0,0.0064,1626.98,15.0,184.31,0.0189,537788.0,5324222.0,82446.0,76.0,0.0114,0.0125,0.0114,143.06,166.35,39.0,374.37,272.57,1166735.0,528709.0,47.0,2176983.0,57.0,0.0134,0.0019,47.0,36.0,0.0098,51.0,269061.0,636,1074791.0
0.0259,66.0,16.91,4.0,108.47,46.51,3659002.0,0.0066,1626.53,15.0,184.14,0.0192,542788.0,5372548.0,82846.0,76.0,0.0105,0.0119,0.0123,142.96,166.52,39.0,374.31,272.74,1167425.0,531709.0,46.0,2198024.0,57.0,0.0141,0.0035,47.0,36.0,0.009,50.0,269561.0,637,1077753.0
0.0249,66.0,16.91,4.0,108.47,46.51,3691401.0,0.0049,1626.68,15.0,184.21,0.0191,550688.0,5419839.0,82846.0,76.0,0.0105,0.0118,0.0119,143.1,166.69,39.0,374.95,272.78,1171705.0,535555.0,46.0,2219602.0,57.0,0.0132,0.0035,47.0,36.0,0.009,50.0,272261.0,638,1083228.0
0.0252,66.0,16.94,4.0,108.43,46.61,3727225.0,0.0057,1625.34,15.0,184.26,0.0199,551888.0,5464666.0,83246.0,76.0,0.0091,0.0114,0.0116,143.04,166.65,39.0,374.65,272.86,1181699.0,547168.0,46.0,2253728.0,57.0,0.0136,0.0056,47.0,36.0,0.0093,50.0,278660.0,639,1087471.0
0.0238,66.0,16.96,4.0,108.49,46.61,3771947.0,0.0058,1627.59,15.0,184.31,0.0186,556888.0,5512191.0,83246.0,76.0,0.0079,0.0097,0.0114,143.04,166.88,39.0,374.67,273.35,1189553.0,555192.0,44.0,2288260.0,57.0,0.0136,0.0056,47.0,36.0,0.0087,51.0,282340.0,640,1091657.0
0.0236,66.0,16.95,4.0,108.54,46.54,3802060.0,0.0055,1630.0,15.0,184.23,0.0171,561708.0,5547364.0,83446.0,76.0,0.0085,0.0106,0.0118,142.98,166.92,39.0,374.7,273.1,1191503.0,560081.0,44.0,2311299.0,57.0,0.014,0.0041,47.0,36.0,0.0084,51.0,287022.0,641,1093761.0
0.023,66.0,16.95,4.0,108.48,46.54,3829127.0,0.0059,1629.02,15.0,184.32,0.0177,566512.0,5621543.0,83446.0,76.0,0.0082,0.008,0.0113,143.03,167.02,39.0,374.56,273.8,1192203.0,561631.0,44.0,2323023.0,57.0,0.0137,0.0041,47.0,36.0,0.0089,51.0,292222.0,642,1101149.0
0.024,66.0,16.95,4.0,108.45,46.67,3883023.0,0.0084,1628.4,15.0,184.17,0.0181,568512.0,5650228.0,83846.0,76.0,0.0085,0.01,0.0121,143.0,166.85,39.0,373.63,273.25,1201298.0,563451.0,46.0,2344468.0,57.0,0.0139,0.0069,47.0,36.0,0.0091,50.0,294822.0,643,1105987.0
0.0235,66.0,16.92,4.0,108.5,46.67,3946909.0,0.0082,1629.08,15.0,184.02,0.0177,589918.0,5683708.0,83846.0,76.0,0.0099,0.0084,0.0129,143.0,166.94,39.0,373.69,273.7,1206006.0,567392.0,46.0,2357422.0,57.0,0.0139,0.0069,47.0,36.0,0.0087,50.0,298446.0,644,1112627.0
0.0243,66.0,16.93,4.0,108.39,46.71,3973972.0,0.0102,1628.84,15.0,184.14,0.0178,600000.0,5723925.0,86446.0,76.0,0.0097,0.0094,0.0123,142.93,166.8,39.0,372.95,273.44,1226600.0,569852.0,46.0,2388683.0,57.0,0.0144,0.0077,47.0,36.0,0.0097,50.0,299046.0,645,1117845.0
0.0225,66.0,16.96,4.0,108.66,46.87,4010985.0,0.0107,1633.41,15.0,184.35,0.0151,606834.0,5794166.0,91976.0,76.0,0.0076,0.004,0.0112,143.08,167.11,39.0,372.75,274.91,1238292.0,580063.0,46.0,2421368.0,57.0,0.0133,0.0112,47.0,36.0,0.0072,50.0,302914.0,646,1126679.0
0.0225,66.0,16.95,4.0,108.61,46.87,4037715.0,0.0101,1632.43,15.0,184.35,0.0156,615648.0,5932714.0,91976.0,76.0,0.0085,0.0034,0.0112,143.08,167.1,39.0,373.0,275.08,1245319.0,584544.0,46.0,2430385.0,57.0,0.0133,0.0112,47.0,36.0,0.0077,50.0,307947.0,647,1151898.0
0.0207,66.0,16.97,4.0,108.76,46.87,4075043.0,0.0105,1633.75,15.0,184.74,0.0148,621374.0,5972540.0,91976.0,76.0,0.007,0.0016,0.0091,143.14,167.41,39.0,372.84,275.58,1255939.0,589477.0,47.0,2452485.0,57.0,0.0129,0.0112,47.0,36.0,0.0063,50.0,309047.0,648,1162733.0
0.0216,66.0,16.97,4.0,108.62,46.87,4098493.0,0.0108,1632.55,15.0,184.62,0.0156,628406.0,6006472.0,91976.0,76.0,0.007,0.0033,0.0097,143.1,167.25,39.0,372.73,275.12,1263022.0,591042.0,47.0,2477473.0,57.0,0.0131,0.0112,47.0,36.0,0.0076,50.0,309847.0,649,1171452.0
0.0207,66.0,16.97,4.0,108.72,46.99,4126802.0,0.0101,1634.5,15.0,184.75,0.0144,630006.0,6028472.0,93576.0,76.0,0.0073,0.0019,0.009,143.21,167.41,39.0,373.0,275.49,1268078.0,593742.0,47.0,2496988.0,57.0,0.0124,0.0138,47.0,36.0,0.0067,49.0,310047.0,650,1175902.0
0.0204,66.0,16.97,4.0,108.75,46.99,4143941.0,0.0096,1634.69,15.0,184.97,0.0143,633242.0,6076400.0,93576.0,76.0,0.0073,0.0008,0.0078,143.19,167.46,39.0,373.18,275.8,1270078.0,595091.0,47.0,2515955.0,57.0,0.0126,0.0138,47.0,36.0,0.0064,49.0,310347.0,651,1183466.0
0.0204,66.0,16.95,4.0,108.79,46.99,4166083.0,0.0105,1633.56,15.0,184.81,0.015,638842.0,6114988.0,93576.0,76.0,0.0082,0.0023,0.0087,143.1,167.46,39.0,372.84,275.37,1272028.0,596691.0,47.0,2532434.0,57.0,0.0132,0.0138,47.0,36.0,0.006,49.0,313947.0,652,1191085.0
0.0197,66.0,16.97,4.0,108.94,46.93,4207554.0,0.008,1637.52,15.0,184.97,0.0126,643042.0,6159029.0,94176.0,76.0,0.007,0.0005,0.0078,143.28,167.58,39.0,373.78,276.16,1280118.0,606175.0,46.0,2560853.0,57.0,0.0119,0.0125,47.0,36.0,0.0047,51.0,317419.0,653,1198951.0
0.0198,66.0,16.97,4.0,108.98,46.93,4243357.0,0.0095,1639.47,15.0,184.85,0.0114,643938.0,6198102.0,94176.0,76.0,0.0073,0.0023,0.0085,143.44,167.56,39.0,373.21,276.66,1285879.0,615066.0,46.0,2580917.0,57.0,0.0108,0.0125,47.0,36.0,0.0043,51.0,317919.0,654,1218756.0
0.0205,66.0,16.96,4.0,109.01,46.85,4285907.0,0.0105,1638.51,15.0,184.78,0.012,646938.0,6223438.0,94976.0,76.0,0.0079,0.0001,0.0089,143.29,167.45,39.0,372.82,276.0,1290497.0,619346.0,46.0,2605043.0,57.0,0.0119,0.0108,47.0,36.0,0.004,51.0,323968.0,654,1228398.0
0.0206,66.0,16.95,4.0,108.93,46.85,4327301.0,0.0099,1636.97,15.0,184.74,0.0129,655828.0,6247733.0,94976.0,76.0,0.0085,0.0015,0.0091,143.21,167.43,39.0,373.05,275.6,1294898.0,620752.0,46.0,2626136.0,57.0,0.0124,0.0108,47.0,36.0,0.0048,50.0,326268.0,655,1238514.0
0.0209,66.0,16.94,4.0,108.89,46.76,4345886.0,0.0101,1636.38,15.0,184.89,0.0133,659428.0,6272503.0,95576.0,76.0,0.0088,0.0019,0.0083,143.33,167.37,39.0,373.0,275.5,1296885.0,622742.0,46.0,2634489.0,57.0,0.0116,0.0088,47.0,36.0,0.0051,50.0,328963.0,656,1243658.0
0.0207,66.0,16.95,4.0,108.96,46.73,4357752.0,0.0101,1637.23,15.0,184.97,0.0128,662898.0,6284706.0,95776.0,76.0,0.0085,0.001,0.0078,143.33,167.4,39.0,372.99,275.75,1300126.0,625010.0,46.0,2653791.0,57.0,0.0116,0.0083,47.0,36.0,0.0045,50.0,331663.0,657,1246769.0
0.0212,66.0,16.93,4.0,108.98,46.71,4383552.0,0.0098,1637.78,15.0,184.92,0.0124,665498.0,6321246.0,96376.0,76.0,0.0097,0.0001,0.0081,143.43,167.33,39.0,373.09,276.0,1302546.0,628162.0,46.0,2671723.0,57.0,0.0109,0.0077,47.0,36.0,0.0043,49.0,335663.0,658,1252882.0
0.0226,66.0,16.91,4.0,108.88,46.58,4420245.0,0.0096,1636.84,15.0,184.8,0.013,673098.0,6357947.0,100376.0,76.0,0.0108,0.0023,0.0087,143.52,167.08,39.0,373.18,275.39,1307224.0,630537.0,46.0,2707642.0,57.0,0.0103,0.005,47.0,36.0,0.0052,49.0,337763.0,659,1254870.0
0.0231,66.0,16.92,4.0,108.91,46.58,4453333.0,0.0113,1635.49,15.0,184.65,0.0138,678512.0,6387523.0,100376.0,76.0,0.0102,0.0025,0.0095,143.47,167.03,39.0,372.54,275.32,1312224.0,632087.0,46.0,2722150.0,57.0,0.0106,0.005,47.0,36.0,0.0049,49.0,341363.0,660,1257170.0
0.0225,66.0,16.92,5.0,109.02,46.68,4471263.0,0.0105,1635.96,14.0,184.67,0.0135,682552.0,6431226.0,101576.0,76.0,0.0099,0.0032,0.0094,143.54,167.1,39.0,372.83,275.14,1314261.0,634623.0,42.0,2740148.0,57.0,0.0101,0.0071,47.0,36.0,0.0039,41.0,343463.0,661,1263383.0
0.0231,66.0,16.92,5.0,109.03,46.74,4497494.0,0.01,1635.69,14.0,184.8,0.0137,685072.0,6466833.0,101776.0,76.0,0.0102,0.0033,0.0087,143.52,167.0,39.0,373.04,275.1,1317302.0,637894.0,42.0,2755462.0,57.0,0.0103,0.0084,47.0,36.0,0.0038,41.0,346063.0,662,1266374.0
0.0228,66.0,16.92,5.0,109.01,46.74,4515387.0,0.0092,1635.47,14.0,184.73,0.0138,687050.0,6508170.0,101976.0,76.0,0.0102,0.003,0.0091,143.57,167.05,39.0,373.34,275.19,1319029.0,639413.0,42.0,2765402.0,57.0,0.0099,0.0084,47.0,36.0,0.004,41.0,350490.0,663,1270762.0
0.0211,66.0,16.93,5.0,109.05,46.74,4532351.0,0.0084,1638.44,15.0,184.67,0.012,691276.0,6542337.0,102376.0,76.0,0.0097,0.0017,0.0094,143.79,167.34,39.0,373.64,275.55,1322302.0,641831.0,46.0,2779824.0,57.0,0.0084,0.0084,47.0,36.0,0.0037,47.0,351690.0,664,1272696.0
0.02,66.0,16.92,5.0,109.09,46.81,4545591.0,0.0085,1638.74,15.0,184.73,0.0118,693476.0,6566007.0,104176.0,76.0,0.0102,0.0025,0.0091,143.86,167.53,39.0,373.58,275.32,1323952.0,643070.0,46.0,2793533.0,57.0,0.0079,0.0099,47.0,36.0,0.0034,47.0,358587.0,665,1273396.0
0.0201,66.0,16.92,5.0,109.06,46.87,4563312.0,0.0087,1639.0,15.0,184.83,0.0117,695176.0,6591551.0,104576.0,76.0,0.0102,0.0008,0.0086,143.91,167.51,39.0,373.5,275.8,1326726.0,644670.0,46.0,2802973.0,57.0,0.0076,0.0111,47.0,36.0,0.0036,47.0,360021.0,666,1276017.0
0.0198,66.0,16.93,4.0,109.08,46.83,4586448.0,0.0085,1638.24,13.0,184.85,0.0121,696376.0,6622418.0,106376.0,76.0,0.0097,0.0001,0.0085,144.0,167.57,39.0,373.6,276.0,1328780.0,647573.0,47.0,2848962.0,57.0,0.007,0.0104,47.0,36.0,0.0034,48.0,361828.0,667,1283320.0
0.0209,66.0,16.92,4.0,108.99,46.79,4602472.0,0.0103,1635.83,13.0,184.8,0.0136,712958.0,6676513.0,106976.0,76.0,0.0102,0.003,0.0088,143.98,167.38,39.0,372.9,275.19,1336947.0,650884.0,47.0,2868424.0,57.0,0.0071,0.0095,47.0,36.0,0.0042,48.0,365318.0,668,1286437.0
0.0208,66.0,16.92,4.0,108.97,46.84,4616984.0,0.0083,1635.76,13.0,184.82,0.0136,716958.0,6693569.0,107376.0,76.0,0.0102,0.0026,0.0087,144.03,167.4,39.0,373.66,275.3,1340619.0,652756.0,47.0,2877579.0,57.0,0.0068,0.0106,47.0,36.0,0.0044,48.0,365618.0,669,1288797.0
0.0221,66.0,16.91,4.0,108.86,46.83,4630749.0,0.0083,1632.99,14.0,184.76,0.0153,719974.0,6720819.0,111340.0,76.0,0.0105,0.0033,0.009,143.94,167.18,39.0,373.67,275.1,1341844.0,660383.0,48.0,2889050.0,57.0,0.0074,0.0104,47.0,36.0,0.0054,47.0,366618.0,670,1295777.0
0.022,66.0,16.92,4.0,108.84,46.83,4643156.0,0.0087,1633.01,14.0,184.83,0.0153,723674.0,6744898.0,111340.0,76.0,0.0102,0.0026,0.0086,143.97,167.19,39.0,373.51,275.3,1344494.0,662920.0,48.0,2897352.0,57.0,0.0072,0.0104,47.0,36.0,0.0056,47.0,368218.0,671,1298024.0
0.0228,66.0,16.9,4.0,108.66,46.81,4661484.0,0.0091,1631.77,14.0,184.78,0.016,730474.0,6773557.0,113340.0,76.0,0.0111,0.0024,0.0089,143.98,167.05,39.0,373.37,275.35,1351522.0,665159.0,48.0,2918233.0,57.0,0.0071,0.0099,47.0,36.0,0.0072,47.0,373444.0,672,1302717.0
0.0226,66.0,16.9,4.0,108.61,46.81,4687566.0,0.0091,1630.96,15.0,184.68,0.0165,737274.0,6805658.0,113340.0,76.0,0.0114,0.0028,0.0094,143.94,167.08,39.0,373.38,275.26,1353595.0,669339.0,46.0,2937356.0,57.0,0.0074,0.0099,47.0,36.0,0.0077,47.0,376550.0,673,1307817.0
0.0223,66.0,16.9,4.0,108.64,46.75,4713030.0,0.0084,1631.14,15.0,184.74,0.0164,741074.0,6840665.0,113940.0,76.0,0.0114,0.0023,0.0091,144.15,167.15,39.0,373.61,275.38,1359621.0,673640.0,46.0,2958511.0,57.0,0.0059,0.0086,47.0,36.0,0.0074,47.0,377150.0,674,1315941.0
0.0225,66.0,16.9,4.0,108.58,46.81,4730437.0,0.01,1631.8,15.0,184.81,0.016,746682.0,6850862.0,115940.0,76.0,0.0111,0.0033,0.0087,144.2,167.11,39.0,373.01,275.1,1360471.0,674030.0,46.0,2982902.0,57.0,0.0057,0.0098,47.0,36.0,0.0079,47.0,382241.0,675,1318942.0
0.0221,66.0,16.91,4.0,108.63,46.86,4744867.0,0.0088,1631.61,15.0,184.91,0.0161,764238.0,6870439.0,116140.0,76.0,0.0108,0.0026,0.0082,144.33,167.18,39.0,373.46,275.3,1365188.0,676209.0,46.0,3000971.0,57.0,0.0047,0.0109,47.0,36.0,0.0075,47.0,382941.0,676,1321097.0
0.0216,66.0,16.9,4.0,108.62,47.01,4775107.0,0.0088,1629.92,15.0,184.81,0.0172,764638.0,6890682.0,117140.0,76.0,0.0114,0.0034,0.0087,144.3,167.25,39.0,373.49,275.07,1365488.0,678670.0,46.0,3015570.0,57.0,0.0049,0.0142,47.0,36.0,0.0076,47.0,384943.0,677,1322650.0
0.0213,66.0,16.9,4.0,108.67,46.86,4807524.0,0.0085,1630.8,15.0,184.81,0.0166,770638.0,6912558.0,117940.0,76.0,0.0111,0.0021,0.0087,144.44,167.31,39.0,373.58,275.43,1367188.0,679983.0,46.0,3026990.0,57.0,0.0039,0.011,47.0,36.0,0.0071,47.0,385668.0,678,1326131.0
0.0214,66.0,16.91,4.0,108.7,46.86,4828834.0,0.0101,1631.85,15.0,184.79,0.016,772848.0,6975499.0,117940.0,76.0,0.0105,0.0032,0.0088,144.45,167.3,39.0,373.0,275.14,1370982.0,682133.0,46.0,3039638.0,57.0,0.0039,0.011,47.0,36.0,0.0069,48.0,389468.0,679,1327563.0
0.0217,66.0,16.9,4.0,108.64,46.85,4845396.0,0.0088,1632.49,15.0,184.7,0.0156,777318.0,6991561.0,119940.0,76.0,0.0114,0.0034,0.0093,144.55,167.24,39.0,373.48,275.09,1371982.0,683201.0,46.0,3062728.0,57.0,0.0032,0.0107,47.0,36.0,0.0074,48.0,390966.0,680,1333877.0
0.0228,66.0,16.88,4.0,108.52,46.61,4867349.0,0.0088,1630.0,15.0,184.48,0.0171,779118.0,7010030.0,120940.0,76.0,0.0126,0.0037,0.0105,144.64,167.05,39.0,373.47,275.0,1373482.0,685042.0,46.0,3069954.0,57.0,0.0026,0.0056,47.0,36.0,0.0085,48.0,397231.0,681,1337178.0
0.0228,66.0,16.88,4.0,108.51,46.66,4900792.0,0.0088,1630.43,15.0,184.43,0.0169,780518.0,7024043.0,121740.0,76.0,0.0126,0.004,0.0107,144.63,167.06,39.0,373.47,274.93,1375932.0,687092.0,46.0,3079362.0,57.0,0.0026,0.0066,47.0,36.0,0.0086,48.0,397631.0,682,1344957.0
0.023,66.0,16.88,4.0,108.41,46.66,4929945.0,0.0095,1629.6,15.0,184.44,0.0174,783918.0,7064266.0,121740.0,76.0,0.0126,0.0035,0.0107,144.56,167.01,39.0,373.2,275.05,1378832.0,688440.0,46.0,3108706.0,57.0,0.0031,0.0066,47.0,36.0,0.0095,48.0,398231.0,683,1349143.0
0.0224,66.0,16.85,4.0,108.43,46.62,4949516.0,0.0096,1629.69,15.0,184.36,0.0173,789448.0,7082771.0,121940.0,76.0,0.014,0.0021,0.0111,144.65,167.12,39.0,373.19,275.43,1382832.0,690230.0,46.0,3142616.0,57.0,0.0025,0.0058,47.0,36.0,0.0093,48.0,412244.0,684,1354053.0
0.0246,66.0,16.85,4.0,108.26,46.53,4997813.0,0.0103,1628.27,15.0,184.11,0.0182,795748.0,7174768.0,122940.0,76.0,0.0143,0.0053,0.0124,144.43,166.74,39.0,372.9,274.55,1385107.0,695458.0,46.0,3162012.0,57.0,0.004,0.0039,47.0,36.0,0.0109,47.0,412949.0,685,1359125.0
0.0242,66.0,16.84,4.0,108.17,46.53,5053173.0,0.0106,1628.74,15.0,184.12,0.0179,799536.0,7226755.0,122940.0,76.0,0.0146,0.0045,0.0124,144.45,166.82,39.0,372.81,274.77,1388369.0,699958.0,46.0,3173653.0,57.0,0.0039,0.0039,47.0,36.0,0.0117,47.0,414949.0,686,1363169.0
0.0228,66.0,16.85,4.0,108.19,46.53,5117310.0,0.0104,1627.59,15.0,184.15,0.0186,801858.0,7268176.0,122940.0,76.0,0.014,0.0045,0.0122,144.44,167.05,39.0,372.88,274.79,1389674.0,703305.0,46.0,3184690.0,57.0,0.0039,0.0039,47.0,36.0,0.0115,47.0,421989.0,687,1373036.0
0.0216,66.0,16.89,4.0,108.22,46.65,5173490.0,0.0104,1629.38,15.0,184.08,0.0175,804958.0,7303978.0,123140.0,76.0,0.0117,0.0038,0.0126,144.55,167.25,39.0,372.85,274.97,1392638.0,706917.0,45.0,3198244.0,57.0,0.0032,0.0065,47.0,36.0,0.0112,46.0,427452.0,688,1376396.0
0.0219,66.0,16.86,4.0,108.2,46.65,5205603.0,0.0107,1629.55,15.0,183.86,0.0174,809018.0,7337693.0,123140.0,76.0,0.0135,0.003,0.0138,144.63,167.21,39.0,372.75,275.2,1399496.0,711110.0,45.0,3210481.0,57.0,0.0026,0.0065,47.0,36.0,0.0114,46.0,430052.0,689,1385183.0
0.0223,66.0,16.85,4.0,108.22,46.66,5221202.0,0.0112,1629.02,15.0,183.8,0.0177,813218.0,7348345.0,123940.0,76.0,0.0143,0.0019,0.0141,144.72,167.14,39.0,372.58,275.49,1408673.0,713863.0,45.0,3226151.0,57.0,0.002,0.0067,47.0,36.0,0.0112,46.0,433653.0,690,1389608.0
0.0212,66.0,16.85,4.0,108.31,46.72,5254842.0,0.0112,1630.99,15.0,183.72,0.0165,817534.0,7384296.0,126740.0,76.0,0.014,0.0007,0.0145,144.87,167.32,39.0,372.57,275.84,1413960.0,716718.0,44.0,3244062.0,57.0,0.001,0.008,47.0,36.0,0.0105,47.0,435053.0,691,1391208.0
0.0202,66.0,16.86,4.0,108.29,46.74,5281186.0,0.0102,1631.5,15.0,183.81,0.0162,824268.0,7410699.0,127740.0,76.0,0.0138,0.0003,0.0141,144.91,167.47,39.0,372.94,276.09,1417200.0,718241.0,44.0,3249285.0,57.0,0.0007,0.0084,47.0,36.0,0.0106,47.0,436653.0,692,1397618.0
0.0208,66.0,16.86,4.0,108.24,46.75,5316780.0,0.0103,1630.01,15.0,183.74,0.0171,827660.0,7430919.0,129740.0,76.0,0.0138,0.0004,0.0144,144.94,167.39,39.0,372.9,276.14,1421178.0,721303.0,44.0,3261682.0,58.0,0.0005,0.0086,47.0,38.0,0.0111,47.0,439112.0,693,1403337.0
0.0192,66.0,16.86,4.0,108.34,46.86,5342595.0,0.0096,1631.65,15.0,183.68,0.0161,829772.0,7459046.0,134894.0,76.0,0.0135,0.0009,0.0148,145.19,167.67,39.0,373.16,276.27,1424578.0,722703.0,45.0,3295715.0,58.0,0.0012,0.011,47.0,38.0,0.0101,47.0,440112.0,694,1410718.0
0.0206,62.0,16.86,4.0,108.22,46.85,5376673.0,0.0104,1629.38,15.0,183.69,0.0175,838882.0,7491814.0,135294.0,74.0,0.0138,0.0001,0.0147,145.04,167.42,41.0,372.88,276.06,1427714.0,726384.0,45.0,3318663.0,58.0,0.0002,0.0108,48.0,38.0,0.0112,47.0,442209.0,695,1417208.0
0.0198,62.0,16.84,4.0,108.24,46.85,5407959.0,0.0104,1629.87,15.0,183.66,0.0172,840282.0,7515431.0,135294.0,74.0,0.0146,0.0009,0.0149,145.05,167.57,41.0,372.86,276.26,1430444.0,727884.0,46.0,3326770.0,58.0,0.0003,0.0108,48.0,38.0,0.0111,47.0,446594.0,696,1424416.0
0.0209,62.0,16.84,4.0,108.15,46.76,5436987.0,0.0105,1628.61,15.0,183.65,0.018,847862.0,7532520.0,138064.0,74.0,0.0149,0.0008,0.0149,144.85,167.38,41.0,372.82,276.23,1434594.0,728984.0,46.0,3340186.0,58.0,0.0011,0.0088,48.0,38.0,0.0119,47.0,452329.0,697,1428107.0
0.0219,62.0,16.83,4.0,107.92,46.81,5511292.0,0.012,1626.51,15.0,183.46,0.0192,851334.0,7562811.0,138464.0,74.0,0.0155,0.0009,0.0159,144.77,167.2,41.0,372.28,275.77,1446423.0,733453.0,46.0,3349872.0,58.0,0.0017,0.0099,48.0,38.0,0.014,47.0,459167.0,698,1434364.0
0.0209,62.0,16.83,4.0,107.96,46.81,5547632.0,0.012,1626.99,15.0,183.44,0.0189,855908.0,7580148.0,138464.0,74.0,0.0155,0.0015,0.016,144.86,167.38,41.0,372.26,275.6,1450248.0,736697.0,44.0,3358127.0,58.0,0.001,0.0099,48.0,38.0,0.0137,48.0,462295.0,699,1443121.0
0.0206,62.0,16.85,4.0,108.1,46.74,5592664.0,0.0118,1628.51,15.0,183.59,0.018,860428.0,7607250.0,138664.0,74.0,0.0143,0.0003,0.0152,144.91,167.42,41.0,372.35,276.1,1453448.0,739728.0,44.0,3370592.0,58.0,0.0007,0.0084,48.0,38.0,0.0124,48.0,467195.0,700,1445096.0
0.0205,62.0,16.85,4.0,108.03,46.74,5646888.0,0.0126,1629.0,15.0,183.58,0.0177,862122.0,7630546.0,138864.0,74.0,0.0143,0.0001,0.0153,144.94,167.44,41.0,372.03,276.0,1461791.0,740738.0,46.0,3380658.0,58.0,0.0005,0.0084,48.0,38.0,0.013,48.0,468714.0,701,1447959.0
0.0208,62.0,16.85,4.0,108.01,46.74,5672543.0,0.0122,1628.6,15.0,183.66,0.018,879922.0,7652592.0,138864.0,74.0,0.0143,0.0015,0.0149,145.1,167.4,41.0,372.18,276.45,1476673.0,741488.0,46.0,3391754.0,58.0,0.0006,0.0084,48.0,38.0,0.0132,48.0,484714.0,702,1451820.0
0.0204,62.0,16.86,4.0,108.09,46.74,5701922.0,0.0134,1630.28,15.0,183.73,0.0169,881724.0,7681088.0,138864.0,74.0,0.0135,0.003,0.0145,145.1,167.47,41.0,371.75,276.84,1488838.0,744163.0,46.0,3411120.0,58.0,0.0006,0.0084,48.0,38.0,0.0125,48.0,490956.0,703,1478106.0
0.0211,62.0,16.84,4.0,108.01,46.74,5721880.0,0.0133,1629.91,15.0,183.78,0.0172,909432.0,7693866.0,138864.0,74.0,0.0149,0.002,0.0142,144.99,167.34,41.0,371.77,276.57,1495364.0,745363.0,45.0,3427187.0,58.0,0.0001,0.0084,48.0,38.0,0.0132,45.0,495484.0,704,1484600.0
0.0217,62.0,16.83,4.0,108.02,46.66,5737479.0,0.0144,1627.25,15.0,183.68,0.0188,912832.0,7712365.0,140464.0,74.0,0.0152,0.0002,0.0148,144.84,167.24,41.0,371.35,276.06,1511500.0,747229.0,45.0,3448279.0,58.0,0.0012,0.0067,48.0,38.0,0.0131,45.0,498328.0,705,1489773.0
0.0229,62.0,16.82,4.0,107.93,46.66,5833967.0,0.0147,1625.44,15.0,183.73,0.0199,925322.0,7782879.0,140464.0,74.0,0.0161,0.0015,0.0145,144.69,167.03,41.0,371.27,275.6,1529415.0,750302.0,46.0,3470347.0,58.0,0.0022,0.0067,48.0,38.0,0.0139,47.0,502928.0,706,1502368.0
0.0223,62.0,16.82,4.0,107.94,46.6,5866411.0,0.0148,1626.4,15.0,183.72,0.0193,929922.0,7809425.0,140664.0,74.0,0.0161,0.0008,0.0145,144.64,167.13,41.0,371.2,275.8,1534507.0,754327.0,46.0,3492655.0,58.0,0.0026,0.0054,48.0,38.0,0.0138,47.0,504228.0,707,1512404.0
0.0229,62.0,16.82,4.0,107.95,46.62,5960763.0,0.0137,1627.25,15.0,183.69,0.0188,940122.0,7854744.0,141064.0,74.0,0.0158,0.0006,0.0147,144.59,167.04,41.0,371.63,275.86,1548182.0,756674.0,46.0,3511972.0,58.0,0.0029,0.0058,48.0,38.0,0.0138,47.0,506328.0,708,1518767.0
0.0231,62.0,16.79,4.0,107.9,46.62,5995086.0,0.0139,1625.87,15.0,183.65,0.0196,969922.0,7876725.0,141064.0,74.0,0.0176,0.0004,0.0149,144.48,167.0,41.0,371.54,275.9,1553774.0,758354.0,44.0,3522393.0,58.0,0.0037,0.0058,48.0,38.0,0.0142,47.0,508645.0,709,1526467.0
0.0239,62.0,16.79,4.0,107.94,46.62,6044093.0,0.0142,1625.72,15.0,183.57,0.0197,1047722.0,7904973.0,141064.0,74.0,0.0178,0.0006,0.0153,144.37,166.86,41.0,371.43,275.87,1556499.0,762040.0,44.0,3539356.0,58.0,0.0044,0.0058,48.0,38.0,0.0138,47.0,511245.0,710,1533378.0
0.0245,62.0,16.77,4.0,107.77,46.44,6131494.0,0.0149,1625.0,15.0,183.45,0.0201,1052042.0,7973004.0,141464.0,74.0,0.0187,0.0008,0.016,144.21,166.76,41.0,371.18,276.23,1564431.0,765444.0,44.0,3569533.0,58.0,0.0055,0.0019,48.0,38.0,0.0153,47.0,513939.0,711,1550651.0
0.0231,62.0,16.78,4.0,107.7,46.44,6196694.0,0.0139,1625.41,15.0,183.47,0.0199,1053842.0,8006440.0,141464.0,74.0,0.0181,0.0014,0.0159,144.22,167.0,41.0,371.55,276.4,1568800.0,768044.0,46.0,3579921.0,58.0,0.0054,0.0019,48.0,38.0,0.016,47.0,514439.0,712,1568186.0
0.0251,62.0,16.77,4.0,107.53,46.54,6316440.0,0.0154,1623.78,15.0,183.32,0.0209,1058262.0,8041002.0,142464.0,74.0,0.019,0.0003,0.0167,144.13,166.66,41.0,371.0,276.1,1575647.0,774918.0,46.0,3644573.0,58.0,0.0061,0.0041,48.0,38.0,0.0175,47.0,516239.0,713,1583470.0
0.024,62.0,16.76,4.0,107.51,46.49,6363185.0,0.0144,1625.31,15.0,183.28,0.0199,1059484.0,8064070.0,142664.0,74.0,0.0193,0.001,0.0169,144.1,166.84,41.0,371.36,276.3,1579047.0,777223.0,46.0,3657670.0,58.0,0.0063,0.003,48.0,38.0,0.0177,47.0,519893.0,713,1590194.0
0.0238,62.0,16.77,4.0,107.62,46.49,6441754.0,0.0143,1626.41,15.0,183.31,0.0193,1060684.0,8087488.0,144264.0,74.0,0.019,0.0022,0.0167,144.16,166.88,41.0,371.42,276.63,1580897.0,779826.0,46.0,3666857.0,58.0,0.0058,0.003,48.0,38.0,0.0167,47.0,526707.0,714,1601619.0
0.0236,62.0,16.77,4.0,107.69,46.51,6512765.0,0.0137,1627.42,15.0,183.4,0.0187,1064834.0,8124425.0,144874.0,74.0,0.0187,0.0029,0.0163,144.21,166.91,41.0,371.64,276.83,1590589.0,781231.0,46.0,3679252.0,58.0,0.0056,0.0035,48.0,38.0,0.0161,47.0,528347.0,715,1611243.0
0.0245,62.0,16.78,4.0,107.54,46.55,6602303.0,0.0151,1625.59,15.0,183.24,0.0198,1069434.0,8158053.0,145074.0,74.0,0.0184,0.001,0.0171,144.17,166.79,41.0,371.09,276.29,1592900.0,782886.0,46.0,3688493.0,58.0,0.0058,0.0043,48.0,38.0,0.0175,47.0,535317.0,716,1622943.0
0.0253,62.0,16.78,4.0,107.45,46.52,6660925.0,0.0155,1624.75,15.0,183.24,0.0203,1071634.0,8186403.0,147114.0,74.0,0.0184,0.001,0.0171,144.12,166.63,41.0,370.94,276.29,1600810.0,784842.0,45.0,3697615.0,58.0,0.0061,0.0036,48.0,38.0,0.0183,47.0,536901.0,717,1628518.0
0.0251,62.0,16.77,4.0,107.35,46.55,6889997.0,0.0162,1622.4,15.0,183.2,0.0217,1076234.0,8259603.0,148114.0,74.0,0.0188,0.0018,0.0173,143.9,166.66,41.0,370.69,275.52,1623264.0,791346.0,45.0,3737085.0,58.0,0.0077,0.0043,48.0,38.0,0.0192,47.0,554853.0,719,1662712.0
0.0243,62.0,16.78,5.0,107.54,46.53,6944614.0,0.0159,1624.9,16.0,183.41,0.0202,1078434.0,8282694.0,148714.0,74.0,0.0184,0.0003,0.0162,144.04,166.79,41.0,370.81,275.93,1626315.0,793026.0,43.0,3750300.0,58.0,0.0067,0.0039,48.0,38.0,0.0175,37.0,559077.0,720,1670240.0
0.0237,62.0,16.78,5.0,107.67,46.53,7004802.0,0.0154,1626.27,16.0,183.38,0.0194,1079634.0,8303138.0,148714.0,74.0,0.0184,0.0002,0.0164,144.21,166.9,41.0,370.97,276.07,1628665.0,795161.0,43.0,3773563.0,58.0,0.0054,0.0039,48.0,38.0,0.0163,37.0,560078.0,721,1675740.0
0.0246,62.0,16.77,5.0,107.65,46.44,7060807.0,0.0154,1625.13,16.0,183.19,0.02,1088146.0,8325000.0,151514.0,74.0,0.0187,0.0008,0.0174,144.2,166.75,41.0,370.99,275.8,1651717.0,798960.0,43.0,3794650.0,58.0,0.0056,0.0019,48.0,38.0,0.0165,37.0,564928.0,722,1688524.0
0.0245,62.0,16.77,4.0,107.63,46.43,7114202.0,0.0143,1624.12,16.0,183.3,0.0207,1094866.0,8348974.0,151714.0,74.0,0.019,0.0009,0.0168,144.23,166.76,41.0,371.4,275.78,1656417.0,801155.0,47.0,3804056.0,58.0,0.0054,0.0017,48.0,38.0,0.0166,46.0,566928.0,723,1695654.0
0.0244,62.0,16.76,4.0,107.66,46.43,7156825.0,0.0135,1623.86,16.0,183.22,0.0208,1096266.0,8377706.0,151714.0,74.0,0.0196,0.0012,0.0172,144.34,166.78,41.0,371.7,275.7,1658820.0,806867.0,47.0,3814632.0,58.0,0.0046,0.0017,48.0,38.0,0.0164,46.0,569118.0,724,1697454.0
0.024,62.0,16.76,4.0,107.77,46.32,7189309.0,0.0136,1624.8,16.0,183.36,0.0202,1097466.0,8405162.0,154338.0,74.0,0.0193,0.0013,0.0165,144.66,166.84,41.0,371.66,276.37,1664920.0,808185.0,47.0,3838659.0,58.0,0.0024,0.0006,48.0,38.0,0.0153,46.0,569848.0,725,1703412.0
0.0237,62.0,16.78,4.0,107.91,46.32,7239532.0,0.0127,1625.36,14.0,183.36,0.0199,1101266.0,8422795.0,154338.0,74.0,0.0181,0.0028,0.0165,144.66,166.9,41.0,372.0,276.79,1673254.0,812155.0,49.0,3852067.0,58.0,0.0024,0.0006,48.0,38.0,0.0141,50.0,573890.0,726,1710524.0
0.024,62.0,16.77,4.0,107.94,46.32,7293176.0,0.012,1624.46,14.0,183.24,0.0205,1102466.0,8463669.0,154338.0,74.0,0.0187,0.0014,0.0171,144.65,166.85,41.0,372.28,276.42,1676602.0,816036.0,49.0,3874196.0,58.0,0.0025,0.0006,48.0,38.0,0.0138,50.0,582190.0,727,1713308.0
0.025,62.0,16.78,4.0,107.82,46.32,7319800.0,0.0122,1621.43,14.0,183.28,0.0223,1107152.0,8485103.0,154338.0,74.0,0.0181,0.0001,0.0169,144.62,166.68,41.0,372.2,276.06,1683724.0,822623.0,49.0,3886734.0,58.0,0.0027,0.0006,48.0,38.0,0.015,50.0,586820.0,728,1719388.0
0.0254,62.0,16.79,4.0,107.88,46.37,7339051.0,0.0122,1622.35,14.0,183.29,0.0217,1111664.0,8499652.0,155138.0,74.0,0.0178,0.0016,0.0169,144.65,166.61,41.0,372.2,276.47,1685574.0,826494.0,48.0,3893782.0,58.0,0.0025,0.0004,48.0,38.0,0.0143,51.0,587420.0,729,1725122.0
0.0252,62.0,16.79,4.0,107.87,46.46,7405991.0,0.0121,1620.58,14.0,183.27,0.0228,1113470.0,8546391.0,155338.0,74.0,0.0178,0.0007,0.017,144.55,166.64,41.0,372.22,276.21,1690540.0,828984.0,48.0,3927528.0,58.0,0.0032,0.0024,48.0,38.0,0.0144,51.0,589616.0,730,1728200.0
0.0259,62.0,16.78,4.0,107.83,46.46,7449539.0,0.0116,1620.46,14.0,183.31,0.0229,1123432.0,8576749.0,155338.0,74.0,0.0184,0.0008,0.0167,144.56,166.52,41.0,372.43,275.8,1691701.0,831846.0,48.0,3940344.0,58.0,0.0031,0.0024,48.0,38.0,0.0149,51.0,594145.0,731,1730998.0
0.0257,62.0,16.8,4.0,107.9,46.54,7515869.0,0.0126,1619.47,16.0,183.38,0.0235,1126632.0,8615556.0,155938.0,74.0,0.0173,0.0008,0.0164,144.57,166.55,41.0,372.06,275.79,1699472.0,842389.0,47.0,3979354.0,58.0,0.003,0.0041,48.0,38.0,0.0142,50.0,601204.0,732,1736100.0
0.026,62.0,16.79,4.0,107.8,46.57,7554599.0,0.0132,1617.53,16.0,183.35,0.0246,1128592.0,8649417.0,156738.0,74.0,0.0178,0.0008,0.0165,144.46,166.5,41.0,371.82,275.79,1704719.0,846115.0,47.0,3986092.0,58.0,0.0038,0.0047,48.0,38.0,0.0151,50.0,603304.0,733,1738044.0
0.0257,62.0,16.79,4.0,107.77,46.57,7576076.0,0.0127,1617.34,16.0,183.32,0.0247,1129392.0,8660649.0,157138.0,74.0,0.0178,0.0015,0.0167,144.44,166.55,41.0,372.02,275.62,1712658.0,847585.0,47.0,4001838.0,58.0,0.0039,0.0047,48.0,38.0,0.0153,50.0,603833.0,734,1740544.0
0.0266,62.0,16.77,4.0,107.67,46.53,7600172.0,0.0134,1617.13,16.0,183.4,0.0249,1131592.0,8698057.0,157338.0,74.0,0.019,0.0024,0.0163,144.31,166.41,41.0,371.76,275.37,1716332.0,852348.0,49.0,4018947.0,58.0,0.0048,0.0039,48.0,38.0,0.0163,52.0,607523.0,735,1744489.0
0.0259,62.0,16.77,4.0,107.69,46.5,7626491.0,0.0129,1617.86,16.0,183.41,0.0244,1146134.0,8725750.0,157738.0,74.0,0.019,0.0018,0.0162,144.36,166.53,41.0,371.93,275.52,1725500.0,856319.0,49.0,4030869.0,58.0,0.0045,0.0032,48.0,38.0,0.0161,52.0,616952.0,736,1747024.0
0.025,62.0,16.79,4.0,107.81,46.54,7674696.0,0.0124,1619.33,16.0,183.51,0.0235,1148734.0,8747374.0,161534.0,74.0,0.0178,0.0003,0.0157,144.48,166.68,41.0,372.12,275.93,1728639.0,859022.0,49.0,4039864.0,58.0,0.0037,0.0041,48.0,38.0,0.015,52.0,619844.0,737,1750268.0
0.0252,62.0,16.78,4.0,107.82,46.54,7699691.0,0.0127,1619.29,16.0,183.52,0.0236,1152350.0,8772137.0,161534.0,74.0,0.0184,0.0013,0.0156,144.52,166.64,41.0,372.0,275.67,1730662.0,860408.0,48.0,4056910.0,58.0,0.0034,0.0041,48.0,38.0,0.0149,51.0,620644.0,738,1753840.0
0.0246,62.0,16.79,4.0,107.86,46.57,7737806.0,0.0123,1620.87,16.0,183.77,0.0226,1155790.0,8794263.0,161734.0,74.0,0.0176,0.0001,0.0143,144.66,166.74,41.0,372.16,276.06,1732844.0,866124.0,48.0,4063854.0,58.0,0.0024,0.0047,48.0,38.0,0.0145,51.0,621644.0,739,1756420.0
0.0251,62.0,16.79,4.0,107.84,46.52,7791857.0,0.0118,1619.97,16.0,183.76,0.0232,1158990.0,8827106.0,162534.0,74.0,0.0176,0.0002,0.0143,144.55,166.66,41.0,372.36,276.08,1737684.0,867424.0,48.0,4085897.0,58.0,0.0032,0.0037,48.0,38.0,0.0147,51.0,623144.0,740,1761690.0
0.0254,62.0,16.77,4.0,107.85,46.47,7813257.0,0.0116,1620.82,16.0,183.76,0.0226,1159590.0,8847423.0,163334.0,74.0,0.019,0.0012,0.0143,144.61,166.61,41.0,372.41,276.25,1740486.0,870104.0,47.0,4097072.0,58.0,0.0028,0.0026,48.0,38.0,0.0146,50.0,625844.0,741,1765453.0
0.0252,62.0,16.77,4.0,107.85,46.44,7849339.0,0.0123,1620.9,16.0,183.82,0.0226,1160440.0,8877184.0,163534.0,74.0,0.019,0.0013,0.014,144.7,166.65,41.0,372.14,276.38,1741340.0,872175.0,47.0,4102267.0,58.0,0.0021,0.0019,48.0,38.0,0.0147,50.0,626144.0,742,1774292.0
0.0255,62.0,16.77,4.0,107.8,46.38,7888385.0,0.0115,1619.53,16.0,183.74,0.0234,1160840.0,8901881.0,163934.0,74.0,0.019,0.0018,0.0144,144.8,166.59,41.0,372.45,276.51,1747932.0,873221.0,47.0,4114175.0,58.0,0.0014,0.0006,48.0,38.0,0.0151,50.0,626499.0,743,1776542.0
0.0256,62.0,16.79,4.0,107.76,46.34,7943319.0,0.0126,1619.28,16.0,183.84,0.0236,1163040.0,8929781.0,165334.0,74.0,0.0176,0.0016,0.0139,144.97,166.58,41.0,372.03,276.48,1750318.0,874346.0,46.0,4149945.0,58.0,0.0003,0.0002,48.0,38.0,0.0154,50.0,633648.0,744,1799313.0
0.0252,62.0,16.8,4.0,107.77,46.34,7973630.0,0.0123,1622.0,16.0,183.8,0.0219,1164240.0,8960416.0,165334.0,74.0,0.017,0.0023,0.0141,145.04,166.65,41.0,372.14,276.66,1751168.0,877660.0,46.0,4168708.0,58.0,0.0002,0.0002,48.0,38.0,0.0154,50.0,634548.0,745,1806383.0
0.0254,62.0,16.8,4.0,107.72,46.32,7993782.0,0.0126,1621.95,16.0,183.81,0.022,1165634.0,8975843.0,165534.0,74.0,0.0173,0.0026,0.0141,145.18,166.6,41.0,372.04,276.73,1751468.0,880494.0,46.0,4191258.0,58.0,0.0012,0.0008,48.0,38.0,0.0158,50.0,637048.0,746,1808348.0
0.0258,62.0,16.79,4.0,107.61,46.32,8027240.0,0.0132,1621.11,16.0,183.81,0.0225,1168254.0,8999136.0,165534.0,74.0,0.0176,0.0012,0.0141,145.09,166.54,41.0,371.8,276.35,1754345.0,884277.0,47.0,4200178.0,58.0,0.0006,0.0008,48.0,38.0,0.0168,50.0,638948.0,747,1812687.0
0.0256,62.0,16.8,4.0,107.56,46.32,8051163.0,0.0125,1620.58,16.0,183.73,0.0228,1170914.0,9018916.0,165534.0,74.0,0.0173,0.001,0.0145,145.02,166.58,41.0,372.09,276.31,1755145.0,885177.0,47.0,4215291.0,58.0,0.0001,0.0008,48.0,38.0,0.0173,50.0,640070.0,748,1815647.0
0.0246,62.0,16.8,4.0,107.67,46.36,8101132.0,0.0127,1622.07,16.0,183.72,0.0219,1171514.0,9038827.0,165934.0,74.0,0.0173,0.0003,0.0145,144.85,166.75,41.0,372.0,276.09,1757553.0,887808.0,47.0,4247744.0,58.0,0.0011,0.0002,48.0,38.0,0.0163,50.0,640570.0,749,1816847.0
0.0244,62.0,16.8,4.0,107.67,46.39,8125109.0,0.011,1622.42,16.0,183.78,0.0217,1172214.0,9066576.0,166734.0,74.0,0.0173,0.0015,0.0142,145.03,166.79,41.0,372.65,276.45,1760656.0,889179.0,46.0,4257906.0,58.0,0.0001,0.0009,48.0,38.0,0.0163,49.0,643370.0,750,1824052.0
0.0237,62.0,16.83,4.0,107.77,46.39,8171196.0,0.0108,1623.5,16.0,183.97,0.021,1173418.0,9103412.0,166934.0,74.0,0.0155,0.0042,0.0132,145.26,166.9,41.0,372.72,277.17,1764257.0,892129.0,46.0,4275175.0,58.0,0.0018,0.0009,48.0,38.0,0.0153,49.0,646246.0,751,1835812.0
0.0234,62.0,16.83,4.0,107.83,46.39,8207189.0,0.0093,1624.59,16.0,183.93,0.0201,1179786.0,9121482.0,166934.0,74.0,0.0155,0.0054,0.0134,145.46,166.95,41.0,373.3,277.51,1774364.0,894829.0,46.0,4291485.0,58.0,0.0031,0.0009,48.0,38.0,0.0148,49.0,647746.0,752,1848960.0
0.0229,62.0,16.83,4.0,107.91,46.39,8243748.0,0.01,1625.65,16.0,184.12,0.0197,1184186.0,9154535.0,166934.0,74.0,0.0152,0.0053,0.0124,145.62,167.04,41.0,373.04,277.49,1776806.0,900053.0,46.0,4317063.0,60.0,0.0042,0.0009,48.0,34.0,0.0141,50.0,650746.0,753,1858406.0
0.0238,62.0,16.81,4.0,107.82,46.37,8272180.0,0.0113,1625.21,16.0,183.95,0.02,1185786.0,9193544.0,167534.0,76.0,0.0164,0.0042,0.0133,145.61,166.88,41.0,372.53,277.17,1779677.0,904554.0,46.0,4336084.0,60.0,0.0041,0.0004,49.0,34.0,0.0149,50.0,657271.0,754,1864390.0
0.0246,57.0,16.81,4.0,107.81,46.42,8285207.0,0.0105,1624.55,16.0,183.88,0.0204,1186786.0,9219729.0,167734.0,76.0,0.0167,0.0034,0.0137,145.64,166.74,43.0,372.85,276.96,1780677.0,905354.0,46.0,4348624.0,60.0,0.0043,0.0015,49.0,34.0,0.015,50.0,658471.0,755,1865590.0
0.0243,57.0,16.79,4.0,107.79,46.43,8296380.0,0.0111,1624.0,15.0,183.84,0.0207,1188350.0,9240764.0,167934.0,76.0,0.0176,0.0039,0.0139,145.59,166.8,43.0,372.62,277.09,1781877.0,908465.0,45.0,4361769.0,60.0,0.004,0.0017,49.0,34.0,0.0152,49.0,660982.0,756,1868532.0
0.0241,57.0,16.78,4.0,107.83,46.43,8316451.0,0.011,1623.32,15.0,183.8,0.0211,1189150.0,9249858.0,167934.0,76.0,0.0181,0.0036,0.0141,145.62,166.83,43.0,372.65,277.02,1782956.0,911673.0,45.0,4372161.0,60.0,0.0042,0.0017,49.0,34.0,0.0148,49.0,662282.0,757,1872482.0
0.0233,57.0,16.79,4.0,107.81,46.43,8341809.0,0.0102,1624.0,15.0,183.86,0.0207,1191850.0,9260601.0,167934.0,76.0,0.0178,0.0044,0.0138,145.53,166.97,43.0,372.96,277.23,1787686.0,912173.0,45.0,4380978.0,60.0,0.0036,0.0017,49.0,34.0,0.0151,49.0,663655.0,758,1877014.0
0.0236,57.0,16.78,4.0,107.77,46.43,8359737.0,0.0104,1624.23,15.0,183.86,0.0206,1192050.0,9277187.0,168134.0,76.0,0.0181,0.0043,0.0138,145.54,166.92,43.0,372.86,277.22,1788986.0,912273.0,46.0,4392958.0,60.0,0.0037,0.0017,49.0,34.0,0.0153,49.0,664990.0,758,1879614.0
0.0236,57.0,16.78,4.0,107.74,46.41,8382150.0,0.0106,1623.5,15.0,183.78,0.021,1193450.0,9299944.0,168934.0,76.0,0.0184,0.0042,0.0142,145.4,166.92,43.0,372.79,277.17,1789986.0,915677.0,46.0,4417592.0,60.0,0.0027,0.0013,49.0,34.0,0.0156,49.0,668241.0,759,1886441.0
0.0239,57.0,16.78,4.0,107.66,46.41,8393477.0,0.0106,1621.85,15.0,183.66,0.022,1195712.0,9311305.0,168934.0,76.0,0.0184,0.0029,0.0149,145.32,166.86,43.0,372.8,276.82,1790686.0,916261.0,46.0,4429943.0,60.0,0.0021,0.0013,49.0,34.0,0.0164,49.0,669341.0,760,1895620.0
0.0237,57.0,16.77,4.0,107.59,46.41,8409211.0,0.0106,1621.69,15.0,183.71,0.0221,1198834.0,9318109.0,168934.0,76.0,0.0187,0.0028,0.0146,145.3,166.89,43.0,372.81,276.79,1792086.0,916661.0,45.0,4444218.0,60.0,0.002,0.0013,49.0,34.0,0.017,46.0,670041.0,761,1901177.0
0.0236,57.0,16.76,4.0,107.54,46.42,8420815.0,0.0108,1621.6,15.0,183.65,0.0222,1201488.0,9335154.0,170926.0,76.0,0.0193,0.002,0.0149,145.25,166.91,43.0,372.72,276.57,1792996.0,917191.0,45.0,4449056.0,60.0,0.0017,0.0015,49.0,34.0,0.0174,46.0,674311.0,762,1903077.0
0.0236,57.0,16.77,4.0,107.47,46.42,8487980.0,0.0109,1621.75,15.0,183.62,0.0221,1203488.0,9359545.0,170926.0,76.0,0.019,0.0028,0.0151,145.24,166.92,43.0,372.7,276.78,1796508.0,919743.0,45.0,4456096.0,60.0,0.0016,0.0015,49.0,34.0,0.0181,46.0,674411.0,763,1908973.0
0.0237,57.0,16.75,4.0,107.59,46.36,8537633.0,0.0108,1621.27,16.0,183.64,0.0224,1204888.0,9375092.0,171126.0,76.0,0.0199,0.0035,0.015,145.18,166.9,43.0,372.71,276.99,1797558.0,922467.0,46.0,4475170.0,60.0,0.0012,0.0002,49.0,34.0,0.017,47.0,677214.0,764,1916859.0
0.0239,57.0,16.78,4.0,107.5,46.37,8586484.0,0.0108,1622.27,16.0,183.63,0.0218,1206150.0,9453341.0,171726.0,76.0,0.0181,0.0043,0.015,145.25,166.86,43.0,372.72,277.2,1803833.0,923037.0,46.0,4487435.0,60.0,0.0017,0.0004,49.0,34.0,0.0179,47.0,682710.0,765,1919781.0
0.0241,57.0,16.77,4.0,107.42,46.43,8612632.0,0.0115,1620.5,16.0,183.69,0.0228,1207550.0,9472987.0,172526.0,76.0,0.0187,0.0029,0.0147,145.25,166.84,43.0,372.47,276.82,1805383.0,923737.0,46.0,4497798.0,60.0,0.0017,0.0017,49.0,34.0,0.0186,47.0,691504.0,766,1921951.0
0.0243,57.0,16.75,4.0,107.41,46.36,8676285.0,0.0113,1621.2,15.0,183.75,0.0224,1211690.0,9529509.0,173126.0,76.0,0.0199,0.0032,0.0144,145.16,166.79,43.0,372.53,276.89,1810253.0,925674.0,45.0,4519828.0,60.0,0.001,0.0002,49.0,34.0,0.0186,47.0,694004.0,768,1929232.0
0.0245,57.0,16.74,4.0,107.39,46.36,8693208.0,0.0112,1621.21,15.0,183.69,0.0224,1214972.0,9550357.0,173126.0,76.0,0.0205,0.0035,0.0147,145.15,166.77,43.0,372.58,276.98,1811253.0,928461.0,45.0,4530364.0,60.0,0.001,0.0002,49.0,34.0,0.0188,47.0,695404.0,769,1931932.0
0.0244,57.0,16.77,4.0,107.38,46.37,8723127.0,0.0104,1621.21,15.0,183.71,0.0224,1220372.0,9569863.0,173326.0,76.0,0.019,0.0021,0.0146,145.12,166.78,43.0,372.87,276.61,1811845.0,928661.0,45.0,4541350.0,60.0,0.0008,0.0004,49.0,34.0,0.0189,47.0,697004.0,770,1939882.0
0.0243,57.0,16.77,4.0,107.47,46.38,8756705.0,0.0097,1620.03,15.0,183.7,0.0231,1223172.0,9597914.0,173526.0,76.0,0.019,0.0015,0.0146,145.27,166.79,43.0,373.15,276.44,1813444.0,929261.0,43.0,4557105.0,60.0,0.0018,0.0006,49.0,34.0,0.0181,47.0,698004.0,771,1947118.0
0.0245,57.0,16.78,4.0,107.55,46.38,8797308.0,0.0099,1622.58,15.0,183.62,0.0216,1229046.0,9620618.0,173526.0,76.0,0.0181,0.0017,0.0151,145.46,166.77,43.0,373.06,276.5,1815194.0,929861.0,43.0,4581769.0,60.0,0.0031,0.0006,49.0,34.0,0.0174,47.0,700586.0,772,1950248.0
0.0245,57.0,16.77,4.0,107.54,46.38,8813444.0,0.0098,1622.22,16.0,183.63,0.0218,1231046.0,9642071.0,173526.0,76.0,0.0187,0.0013,0.015,145.53,166.76,43.0,373.1,276.39,1816598.0,930547.0,46.0,4598237.0,60.0,0.0036,0.0006,49.0,34.0,0.0175,48.0,703543.0,773,1952148.0
0.0242,57.0,16.77,4.0,107.51,46.36,8830073.0,0.0097,1622.15,16.0,183.63,0.0218,1235646.0,9666073.0,178524.0,76.0,0.0187,0.0026,0.015,145.65,166.82,43.0,373.13,276.74,1818293.0,931977.0,46.0,4613028.0,60.0,0.0044,0.0002,49.0,34.0,0.0177,48.0,704243.0,774,1953857.0
0.0241,57.0,16.76,4.0,107.55,46.36,8857466.0,0.009,1623.17,16.0,183.58,0.0212,1239646.0,9677407.0,178524.0,76.0,0.0193,0.003,0.0153,145.77,166.83,43.0,373.41,276.86,1824437.0,933575.0,46.0,4634288.0,60.0,0.0052,0.0002,49.0,34.0,0.0174,48.0,704643.0,775,1959651.0
0.0238,57.0,16.77,4.0,107.52,46.43,8879581.0,0.0087,1623.56,15.0,183.51,0.021,1246288.0,9690000.0,179474.0,76.0,0.019,0.0028,0.0157,145.74,166.88,43.0,373.53,276.8,1826641.0,935075.0,44.0,4645978.0,60.0,0.005,0.0017,49.0,34.0,0.0176,46.0,706443.0,776,1961351.0
0.0239,57.0,16.75,4.0,107.44,46.43,8903532.0,0.0093,1624.05,15.0,183.49,0.0207,1247488.0,9706824.0,179474.0,76.0,0.0199,0.0015,0.0158,145.74,166.86,43.0,373.29,276.42,1828441.0,935575.0,44.0,4653145.0,60.0,0.005,0.0017,49.0,34.0,0.0184,46.0,707943.0,777,1963201.0
0.0238,57.0,16.75,4.0,107.51,46.47,8914287.0,0.0089,1623.58,15.0,183.56,0.021,1253738.0,9713518.0,180274.0,76.0,0.0202,0.0011,0.0154,145.61,166.88,43.0,373.44,276.33,1831629.0,936075.0,44.0,4666936.0,60.0,0.0041,0.0026,49.0,34.0,0.0177,46.0,709615.0,778,1966422.0
0.0243,57.0,16.74,4.0,107.49,46.44,8940829.0,0.0091,1621.49,15.0,183.54,0.0222,1254938.0,9721926.0,181528.0,76.0,0.0205,0.0012,0.0155,145.42,166.8,43.0,373.36,275.69,1833429.0,937275.0,45.0,4676205.0,60.0,0.0028,0.0019,49.0,34.0,0.018,46.0,710715.0,779,1975283.0
0.0251,57.0,16.74,4.0,107.42,46.34,8958636.0,0.0101,1619.93,15.0,183.32,0.0232,1258266.0,9764000.0,182728.0,76.0,0.0205,0.0037,0.0167,145.34,166.66,43.0,373.0,275.01,1837333.0,940453.0,45.0,4682931.0,60.0,0.0023,0.0002,49.0,34.0,0.0185,46.0,711615.0,780,1998159.0
0.025,57.0,16.73,4.0,107.29,46.23,8986344.0,0.0109,1618.2,15.0,183.17,0.0242,1260586.0,9797894.0,183128.0,76.0,0.0214,0.0054,0.0175,145.06,166.67,43.0,372.68,274.53,1841543.0,944512.0,45.0,4694478.0,60.0,0.0003,0.0026,49.0,34.0,0.0198,46.0,721546.0,781,2012687.0
0.0245,57.0,16.74,4.0,107.25,46.18,9024479.0,0.0104,1620.48,15.0,183.25,0.0229,1262752.0,9825931.0,183528.0,76.0,0.0205,0.0041,0.0171,145.19,166.76,43.0,372.88,274.89,1844445.0,945687.0,45.0,4708547.0,60.0,0.0012,0.0037,49.0,34.0,0.0201,44.0,733133.0,782,2020548.0
0.0248,57.0,16.74,4.0,107.22,46.18,9099326.0,0.0091,1620.6,15.0,183.06,0.0228,1266952.0,9837946.0,183528.0,76.0,0.0205,0.004,0.0181,145.2,166.71,43.0,373.37,274.92,1847697.0,946112.0,45.0,4715047.0,60.0,0.0013,0.0037,49.0,34.0,0.0204,44.0,734533.0,783,2027865.0
0.0247,57.0,16.74,4.0,107.1,46.18,9142862.0,0.0099,1619.67,15.0,183.1,0.0233,1268952.0,9845751.0,183528.0,76.0,0.0205,0.004,0.0179,145.18,166.73,43.0,373.07,274.92,1848697.0,946634.0,45.0,4724474.0,60.0,0.0012,0.0037,49.0,34.0,0.0215,44.0,745403.0,784,2034646.0
0.0252,57.0,16.73,4.0,107.09,46.17,9179264.0,0.0094,1620.0,15.0,183.18,0.0231,1271250.0,9860499.0,183728.0,76.0,0.0211,0.003,0.0174,145.21,166.64,43.0,373.25,275.19,1850562.0,947634.0,45.0,4730316.0,60.0,0.0014,0.0039,49.0,34.0,0.0216,48.0,763444.0,785,2037480.0
0.025,57.0,16.73,4.0,107.08,46.17,9238170.0,0.0089,1620.65,15.0,183.12,0.0228,1273450.0,9888270.0,183728.0,76.0,0.0211,0.0037,0.0178,145.16,166.68,43.0,373.43,275.01,1850762.0,949930.0,45.0,4746019.0,60.0,0.001,0.0039,49.0,34.0,0.0217,48.0,771117.0,786,2046932.0
0.0246,57.0,16.73,4.0,107.19,46.17,9262398.0,0.0095,1621.0,15.0,183.25,0.0225,1274450.0,9917308.0,183728.0,76.0,0.0211,0.002,0.0171,145.31,166.74,43.0,373.22,275.48,1852212.0,951129.0,45.0,4758888.0,60.0,0.0021,0.0039,49.0,34.0,0.0206,48.0,777577.0,787,2059599.0
0.0234,57.0,16.73,4.0,107.31,46.28,9283678.0,0.0085,1623.56,14.0,183.31,0.021,1279232.0,9940096.0,184528.0,76.0,0.0214,0.0013,0.0167,145.42,166.95,43.0,373.6,275.66,1855895.0,953833.0,48.0,4774107.0,60.0,0.0028,0.0015,49.0,34.0,0.0196,51.0,778959.0,788,2063999.0
0.0222,57.0,16.75,4.0,107.34,46.28,9310963.0,0.0089,1623.45,14.0,183.15,0.0211,1282982.0,9985734.0,184528.0,76.0,0.0202,0.001,0.0176,145.57,167.16,43.0,373.45,275.75,1857495.0,956638.0,48.0,4789786.0,60.0,0.0039,0.0015,49.0,34.0,0.0193,51.0,779559.0,789,2070281.0
0.0215,57.0,16.75,4.0,107.32,46.28,9337717.0,0.0083,1623.81,14.0,183.11,0.0208,1290982.0,10028956.0,184528.0,76.0,0.0199,0.0007,0.0178,145.7,167.27,43.0,373.68,275.83,1862080.0,959577.0,48.0,4807282.0,60.0,0.0048,0.0015,49.0,34.0,0.0195,51.0,780659.0,790,2076819.0
0.0209,57.0,16.77,4.0,107.54,46.36,9377127.0,0.0077,1626.16,15.0,183.13,0.0194,1300164.0,10115159.0,184928.0,76.0,0.019,0.0001,0.0177,145.84,167.38,43.0,373.88,276.05,1869305.0,963892.0,47.0,4840480.0,60.0,0.0057,0.0002,49.0,34.0,0.0175,49.0,782559.0,791,2085208.0
0.0221,57.0,16.74,4.0,107.42,46.36,9402426.0,0.0085,1624.21,15.0,183.1,0.0206,1320076.0,10146657.0,184928.0,76.0,0.0208,0.001,0.0179,145.85,167.18,43.0,373.58,275.73,1870476.0,965255.0,47.0,4856410.0,60.0,0.0058,0.0002,49.0,34.0,0.0185,49.0,785259.0,792,2088450.0
0.0218,57.0,16.75,4.0,107.43,46.36,9415750.0,0.0087,1624.04,15.0,183.17,0.0207,1329316.0,10172687.0,184928.0,76.0,0.0202,0.0014,0.0175,145.82,167.22,43.0,373.5,275.65,1871840.0,966355.0,47.0,4874485.0,60.0,0.0056,0.0002,49.0,34.0,0.0185,49.0,785859.0,793,2091424.0
0.0219,57.0,16.77,4.0,107.45,46.36,9427866.0,0.0084,1625.26,15.0,183.35,0.02,1337516.0,10186442.0,184928.0,76.0,0.019,0.0004,0.0165,145.95,167.21,43.0,373.62,275.91,1872840.0,967369.0,48.0,4882859.0,60.0,0.0065,0.0002,49.0,34.0,0.0183,50.0,787719.0,794,2094324.0
0.0217,57.0,16.78,4.0,107.41,46.36,9442480.0,0.0087,1625.5,15.0,183.45,0.0198,1345040.0,10202490.0,184928.0,76.0,0.0184,0.0016,0.016,145.94,167.25,43.0,373.51,275.58,1875756.0,967748.0,48.0,4913263.0,60.0,0.0064,0.0002,49.0,34.0,0.0186,50.0,788719.0,795,2097449.0
0.0218,57.0,16.78,4.0,107.4,46.36,9453756.0,0.0093,1624.59,15.0,183.56,0.0204,1347240.0,10213199.0,184928.0,76.0,0.0184,0.0021,0.0154,145.93,167.22,43.0,373.28,275.43,1876376.0,968198.0,48.0,4922316.0,60.0,0.0063,0.0002,49.0,34.0,0.0187,50.0,789019.0,796,2103288.0
0.022,57.0,16.76,4.0,107.34,46.4,9471863.0,0.0098,1622.55,16.0,183.46,0.0216,1348240.0,10228055.0,186128.0,76.0,0.0193,0.0017,0.0159,145.84,167.2,43.0,373.1,275.54,1877513.0,969598.0,46.0,4933330.0,60.0,0.0057,0.0011,49.0,34.0,0.0193,51.0,793371.0,797,2107288.0
0.0223,57.0,16.76,4.0,107.35,46.4,9481267.0,0.0088,1622.7,16.0,183.44,0.0215,1352240.0,10244961.0,186128.0,76.0,0.0196,0.0026,0.016,145.79,167.14,43.0,373.47,275.32,1878813.0,970598.0,46.0,4942488.0,60.0,0.0054,0.0011,49.0,34.0,0.0192,51.0,794471.0,798,2113373.0
0.0227,57.0,16.76,4.0,107.27,46.44,9510686.0,0.0092,1620.77,16.0,183.36,0.0227,1354840.0,10260573.0,186728.0,76.0,0.0196,0.0041,0.0165,145.64,167.07,43.0,373.34,274.9,1879113.0,971998.0,46.0,4950383.0,60.0,0.0043,0.0019,49.0,34.0,0.02,51.0,794971.0,799,2120420.0
0.023,57.0,16.75,4.0,107.24,46.45,9522149.0,0.01,1621.2,16.0,183.27,0.0224,1355640.0,10283378.0,187528.0,76.0,0.0199,0.0048,0.017,145.56,167.02,43.0,373.03,274.7,1881343.0,973310.0,46.0,4954660.0,60.0,0.0038,0.0022,49.0,34.0,0.0202,49.0,796471.0,800,2126927.0
0.0235,57.0,16.75,4.0,107.16,46.25,9540468.0,0.0093,1620.21,16.0,183.18,0.023,1360640.0,10297066.0,189314.0,76.0,0.0199,0.005,0.0175,145.46,166.94,43.0,373.29,274.63,1883343.0,974818.0,46.0,4966152.0,60.0,0.0031,0.0022,49.0,34.0,0.0209,49.0,799771.0,801,2134940.0
0.0229,57.0,16.75,4.0,107.19,46.25,9570294.0,0.0095,1619.36,16.0,183.06,0.0235,1362918.0,10314535.0,189314.0,76.0,0.0202,0.0052,0.0181,145.46,167.03,43.0,373.21,274.57,1883843.0,976856.0,46.0,4974700.0,60.0,0.0031,0.0022,49.0,34.0,0.0207,49.0,801071.0,802,2140836.0
0.0235,57.0,16.74,4.0,107.13,46.25,9597188.0,0.0097,1621.35,16.0,182.96,0.0223,1369942.0,10322001.0,189314.0,76.0,0.0205,0.005,0.0186,145.56,166.93,43.0,373.13,274.65,1888643.0,977421.0,46.0,4989680.0,60.0,0.0038,0.0022,49.0,34.0,0.0212,50.0,804371.0,803,2145006.0
0.0235,57.0,16.72,4.0,107.08,46.26,9613128.0,0.0101,1618.91,16.0,182.83,0.0238,1379762.0,10330142.0,189914.0,76.0,0.0217,0.0066,0.0193,145.36,166.93,43.0,373.0,274.2,1892386.0,979301.0,46.0,5006402.0,60.0,0.0024,0.0019,49.0,34.0,0.0217,50.0,805950.0,804,2152157.0
0.0236,57.0,16.74,4.0,107.09,46.26,9636644.0,0.0099,1617.76,16.0,182.87,0.0245,1380962.0,10339957.0,189914.0,76.0,0.0208,0.0081,0.0191,145.45,166.91,43.0,373.07,273.78,1893256.0,982030.0,45.0,5015653.0,60.0,0.003,0.0019,49.0,34.0,0.0216,48.0,807388.0,805,2164207.0
0.0229,57.0,16.74,4.0,107.1,46.19,9661541.0,0.0095,1620.0,16.0,182.78,0.0231,1383462.0,10372913.0,190114.0,76.0,0.0208,0.0066,0.0196,145.5,167.04,43.0,373.22,274.2,1893956.0,984543.0,45.0,5024613.0,60.0,0.0034,0.0035,49.0,34.0,0.0215,48.0,808188.0,806,2171648.0
0.023,57.0,16.75,4.0,107.08,46.32,9685580.0,0.0095,1619.38,16.0,183.0,0.0235,1389262.0,10380082.0,190514.0,76.0,0.0202,0.0073,0.0184,145.54,167.02,43.0,373.2,274.0,1894456.0,986008.0,45.0,5034413.0,60.0,0.0037,0.0006,49.0,34.0,0.0217,48.0,810429.0,807,2184157.0
0.0223,57.0,16.74,4.0,107.14,46.36,9704563.0,0.0101,1620.09,16.0,183.2,0.0231,1398462.0,10399070.0,190914.0,76.0,0.0203,0.0073,0.0173,145.63,167.14,43.0,372.98,274.0,1897327.0,987328.0,45.0,5051150.0,60.0,0.0043,0.0002,49.0,34.0,0.0211,48.0,811179.0,808,2192890.0
0.0226,57.0,16.74,4.0,107.06,46.39,9723818.0,0.0106,1619.59,16.0,183.2,0.0234,1401388.0,10411256.0,192114.0,76.0,0.0205,0.0084,0.0173,145.61,167.09,43.0,372.79,273.71,1899337.0,988078.0,45.0,5064373.0,60.0,0.0041,0.0009,49.0,34.0,0.0219,48.0,812979.0,809,2194190.0
0.0232,57.0,16.73,4.0,106.92,46.25,9816221.0,0.0112,1618.0,16.0,183.05,0.0243,1402388.0,10424038.0,192714.0,76.0,0.0214,0.0089,0.0181,145.61,166.99,43.0,372.57,273.55,1900839.0,989928.0,46.0,5109712.0,60.0,0.0041,0.0022,49.0,34.0,0.0231,49.0,816991.0,810,2198065.0
0.0229,57.0,16.73,4.0,106.9,46.33,9880486.0,0.0112,1618.41,16.0,183.01,0.0241,1407648.0,10471907.0,192914.0,76.0,0.0214,0.0095,0.0183,145.6,167.03,43.0,372.59,273.41,1904239.0,991288.0,46.0,5130001.0,60.0,0.0041,0.0004,49.0,34.0,0.0233,49.0,818091.0,811,2202686.0
0.0238,57.0,16.72,4.0,106.72,46.29,9937211.0,0.0115,1617.05,16.0,182.93,0.0249,1411138.0,10488211.0,193114.0,76.0,0.0219,0.0099,0.0188,145.54,166.88,43.0,372.46,273.3,1906836.0,994488.0,46.0,5145977.0,60.0,0.0037,0.0013,49.0,34.0,0.0249,49.0,830730.0,812,2207834.0
0.0242,57.0,16.72,4.0,106.6,46.19,10003734.0,0.0116,1616.03,16.0,182.63,0.0255,1417138.0,10525302.0,197950.0,76.0,0.0219,0.0112,0.0204,145.4,166.82,43.0,372.43,272.94,1908086.0,997484.0,45.0,5172269.0,62.0,0.0027,0.0036,49.0,32.0,0.0261,49.0,838230.0,813,2237566.0
0.0243,57.0,16.71,4.0,106.57,46.19,10054074.0,0.0117,1615.58,16.0,182.74,0.0258,1424738.0,10542139.0,197950.0,76.0,0.0223,0.0107,0.0198,145.19,166.8,43.0,372.4,273.08,1910812.0,1000453.0,45.0,5227890.0,62.0,0.0012,0.0036,49.0,32.0,0.0264,49.0,848952.0,814,2242692.0
0.0254,53.0,16.69,4.0,106.41,46.19,10111592.0,0.0126,1614.22,16.0,182.5,0.0266,1429538.0,10589052.0,197950.0,78.0,0.0237,0.0119,0.0211,145.03,166.61,45.0,372.05,272.74,1927243.0,1004144.0,44.0,5252641.0,62.0,0.0001,0.0036,49.0,32.0,0.0278,50.0,853452.0,815,2248462.0
0.0249,53.0,16.68,4.0,106.37,46.21,10179487.0,0.0127,1613.28,16.0,182.57,0.0272,1435850.0,10626246.0,198150.0,78.0,0.024,0.0129,0.0207,144.97,166.69,45.0,372.0,272.46,1931652.0,1007623.0,44.0,5274874.0,62.0,0.0003,0.003,49.0,32.0,0.0281,50.0,859292.0,816,2255472.0
0.0234,53.0,16.68,4.0,106.39,46.17,10230453.0,0.0121,1614.98,16.0,182.39,0.0262,1443144.0,10660457.0,199350.0,78.0,0.024,0.0114,0.0217,145.16,166.95,45.0,372.25,272.88,1934052.0,1011596.0,44.0,5288271.0,62.0,0.0008,0.0038,49.0,32.0,0.028,48.0,860892.0,817,2262953.0
0.0237,53.0,16.67,4.0,106.39,46.17,10270709.0,0.0116,1614.99,16.0,182.46,0.0262,1449800.0,10672926.0,199350.0,78.0,0.0246,0.0117,0.0213,145.17,166.9,45.0,372.42,272.78,1935752.0,1012996.0,44.0,5301353.0,62.0,0.0011,0.0038,49.0,32.0,0.028,48.0,862392.0,818,2268109.0
0.0235,53.0,16.67,4.0,106.39,46.04,10295509.0,0.012,1614.69,16.0,182.31,0.0263,1454600.0,10686911.0,200550.0,78.0,0.0249,0.0127,0.0221,145.18,166.93,45.0,372.26,272.52,1936952.0,1018104.0,44.0,5312979.0,62.0,0.0011,0.0067,49.0,32.0,0.028,48.0,863392.0,819,2271976.0
0.023,53.0,16.66,4.0,106.42,45.97,10342232.0,0.0114,1613.83,16.0,182.34,0.0269,1460200.0,10702992.0,204546.0,78.0,0.0252,0.0132,0.0219,145.22,167.01,45.0,372.49,272.38,1937382.0,1022189.0,45.0,5321819.0,62.0,0.0014,0.0083,49.0,32.0,0.0277,49.0,877784.0,820,2275824.0
0.0226,53.0,16.69,4.0,106.49,46.12,10387313.0,0.011,1615.67,16.0,182.42,0.0258,1464800.0,10718046.0,206746.0,78.0,0.0234,0.0098,0.0215,145.37,167.08,45.0,372.63,273.31,1956282.0,1024209.0,45.0,5327885.0,62.0,0.0025,0.0051,49.0,32.0,0.0271,49.0,887476.0,821,2286556.0
0.0237,53.0,16.68,4.0,106.44,46.13,10427679.0,0.011,1615.09,16.0,182.55,0.0261,1468800.0,10737758.0,207546.0,78.0,0.0243,0.0101,0.0208,145.32,166.9,45.0,372.65,273.22,1957837.0,1026033.0,45.0,5342098.0,62.0,0.0023,0.0047,49.0,32.0,0.0275,49.0,889702.0,822,2296078.0
0.0233,53.0,16.67,4.0,106.59,46.13,10465109.0,0.012,1616.54,16.0,182.74,0.0252,1477138.0,10750808.0,207546.0,78.0,0.0246,0.0105,0.0198,145.35,166.97,45.0,372.25,273.12,1959632.0,1027133.0,44.0,5355926.0,62.0,0.0023,0.0047,49.0,32.0,0.0262,47.0,912863.0,823,2303248.0
0.0235,53.0,16.68,4.0,106.52,46.16,10489527.0,0.014,1615.86,16.0,182.96,0.0256,1487158.0,10760591.0,208232.0,78.0,0.0243,0.0102,0.0186,145.42,166.93,45.0,371.51,273.19,1967144.0,1029105.0,44.0,5364357.0,62.0,0.0028,0.0041,49.0,32.0,0.0268,47.0,913463.0,824,2307390.0
0.0228,53.0,16.68,4.0,106.46,46.19,10514353.0,0.0145,1615.97,15.0,182.94,0.0256,1504968.0,10789908.0,208432.0,78.0,0.024,0.0102,0.0187,145.4,167.06,45.0,371.33,273.2,1971865.0,1033059.0,45.0,5376223.0,62.0,0.0027,0.0035,49.0,32.0,0.0273,48.0,915163.0,825,2308240.0
0.0227,53.0,16.71,4.0,106.56,46.22,10546250.0,0.0147,1618.5,15.0,183.08,0.024,1506568.0,10809597.0,208832.0,78.0,0.0225,0.0087,0.018,145.59,167.07,45.0,371.24,273.63,1974923.0,1035800.0,45.0,5391761.0,62.0,0.004,0.0029,49.0,32.0,0.0264,48.0,919392.0,826,2310690.0
0.0232,53.0,16.7,4.0,106.45,46.29,10641490.0,0.0152,1619.0,15.0,182.98,0.0237,1511568.0,10849464.0,209232.0,78.0,0.0228,0.0089,0.0185,145.64,166.98,45.0,371.06,273.57,1977183.0,1037700.0,45.0,5412061.0,62.0,0.0044,0.0013,49.0,32.0,0.0274,48.0,922992.0,827,2317767.0
0.0237,53.0,16.68,4.0,106.43,46.23,10661994.0,0.0147,1617.44,15.0,182.88,0.0247,1519968.0,10861767.0,210982.0,78.0,0.024,0.0094,0.019,145.68,166.89,45.0,371.26,273.43,1990717.0,1039300.0,45.0,5442384.0,62.0,0.0046,0.0027,49.0,32.0,0.0276,47.0,945983.0,828,2320104.0
0.0237,53.0,16.69,4.0,106.37,46.23,10676941.0,0.014,1617.38,15.0,182.89,0.0247,1522968.0,10889971.0,210982.0,78.0,0.0237,0.0095,0.019,145.68,166.9,45.0,371.5,273.41,1994737.0,1041285.0,45.0,5450500.0,62.0,0.0046,0.0027,49.0,32.0,0.0281,47.0,947133.0,829,2320504.0
0.0242,53.0,16.68,4.0,106.29,46.23,10727280.0,0.016,1617.54,15.0,182.9,0.0246,1523768.0,10909438.0,210982.0,78.0,0.0243,0.0097,0.0189,145.76,166.82,45.0,370.77,273.33,2000980.0,1042985.0,44.0,5467359.0,62.0,0.0052,0.0027,49.0,32.0,0.0289,47.0,949303.0,830,2322678.0
0.0238,53.0,16.67,4.0,106.32,46.08,10771370.0,0.0144,1619.57,15.0,183.0,0.0234,1525044.0,10933335.0,211182.0,78.0,0.0246,0.0096,0.0184,145.88,166.88,45.0,371.37,273.37,2002280.0,1046856.0,44.0,5483125.0,62.0,0.006,0.0058,49.0,32.0,0.0286,47.0,950303.0,831,2323478.0
0.0239,53.0,16.7,4.0,106.4,46.08,10795015.0,0.0142,1619.99,15.0,182.97,0.0231,1527260.0,10950754.0,211382.0,78.0,0.0231,0.0088,0.0186,145.9,166.87,45.0,371.45,273.6,2004680.0,1047956.0,44.0,5494891.0,62.0,0.0061,0.0058,49.0,32.0,0.0279,47.0,952973.0,832,2326100.0
0.024,53.0,16.7,4.0,106.55,46.04,10826352.0,0.014,1619.56,16.0,182.88,0.0234,1529460.0,10969003.0,211582.0,78.0,0.0231,0.0091,0.019,145.92,166.85,45.0,371.53,273.5,2006019.0,1049356.0,45.0,5503051.0,62.0,0.0063,0.0067,49.0,32.0,0.0265,47.0,953673.0,833,2329678.0
0.0233,53.0,16.7,4.0,106.62,46.04,10843167.0,0.0144,1619.79,16.0,182.96,0.0233,1531260.0,10984752.0,211582.0,78.0,0.0229,0.0089,0.0186,145.98,166.96,45.0,371.37,273.56,2007059.0,1051170.0,45.0,5526480.0,62.0,0.0067,0.0067,49.0,32.0,0.0259,47.0,956473.0,834,2331628.0
0.0246,53.0,16.69,4.0,106.57,46.0,10866509.0,0.0157,1617.75,16.0,182.88,0.0245,1531958.0,10997876.0,212182.0,78.0,0.0237,0.0107,0.019,145.9,166.75,45.0,370.86,273.06,2013393.0,1053247.0,45.0,5553585.0,62.0,0.0062,0.0076,49.0,32.0,0.0264,47.0,959973.0,835,2334818.0
0.0245,53.0,16.69,4.0,106.43,45.95,10881831.0,0.0162,1616.0,16.0,182.82,0.0256,1532858.0,11017346.0,213582.0,78.0,0.0237,0.0116,0.0194,145.88,166.77,45.0,370.68,272.81,2016273.0,1053905.0,45.0,5575623.0,62.0,0.006,0.0086,49.0,32.0,0.0276,47.0,960473.0,836,2341659.0
0.0245,53.0,16.69,4.0,106.41,45.96,10894466.0,0.0161,1615.09,16.0,182.94,0.0261,1536116.0,11029439.0,213782.0,78.0,0.0237,0.0125,0.0187,145.78,166.76,45.0,370.74,272.56,2019640.0,1056471.0,45.0,5595281.0,62.0,0.0053,0.0085,49.0,32.0,0.0278,47.0,961473.0,837,2346238.0
0.0239,53.0,16.68,4.0,106.54,45.96,10931753.0,0.0156,1617.88,16.0,183.03,0.0244,1537116.0,11043549.0,213782.0,78.0,0.024,0.0121,0.0182,145.76,166.86,45.0,370.9,272.68,2020381.0,1058721.0,45.0,5608611.0,62.0,0.0052,0.0085,49.0,32.0,0.0266,47.0,962773.0,838,2349884.0
0.0245,53.0,16.67,4.0,106.46,46.0,10949068.0,0.0159,1616.91,15.0,183.08,0.025,1539684.0,11054807.0,213982.0,78.0,0.0246,0.0128,0.018,145.61,166.77,45.0,370.8,272.5,2021781.0,1061915.0,45.0,5621550.0,62.0,0.0041,0.0076,49.0,32.0,0.0273,47.0,965940.0,839,2354426.0
0.0245,53.0,16.68,4.0,106.41,46.0,10959581.0,0.015,1616.0,15.0,183.04,0.0256,1542784.0,11066328.0,213982.0,78.0,0.0243,0.0143,0.0182,145.5,166.77,45.0,371.12,272.08,2028875.0,1063229.0,45.0,5627352.0,62.0,0.0034,0.0076,49.0,32.0,0.0278,47.0,966540.0,840,2366281.0
0.0257,53.0,16.68,4.0,106.38,46.01,10983596.0,0.016,1616.11,15.0,183.16,0.0255,1546588.0,11104503.0,214582.0,78.0,0.0243,0.0149,0.0175,145.47,166.56,45.0,370.75,271.92,2030776.0,1064729.0,44.0,5637093.0,62.0,0.0032,0.0073,49.0,32.0,0.028,42.0,967834.0,841,2373581.0
0.0255,53.0,16.68,4.0,106.35,46.01,11014715.0,0.0154,1615.76,15.0,182.99,0.0257,1549994.0,11125909.0,214782.0,78.0,0.0243,0.0151,0.0185,145.52,166.59,45.0,370.97,271.86,2032975.0,1065229.0,44.0,5645484.0,62.0,0.0035,0.0073,49.0,32.0,0.0284,42.0,969534.0,842,2376831.0
0.025,53.0,16.68,4.0,106.35,46.01,11042293.0,0.0157,1615.13,15.0,183.03,0.0261,1550794.0,11138195.0,214782.0,78.0,0.0243,0.0146,0.0182,145.56,166.67,45.0,370.88,272.0,2034819.0,1068407.0,44.0,5656655.0,62.0,0.0038,0.0073,49.0,32.0,0.0284,42.0,972567.0,843,2377831.0
0.0253,53.0,16.66,4.0,106.32,45.92,11084066.0,0.0155,1615.04,15.0,182.97,0.0261,1554330.0,11166033.0,215782.0,78.0,0.0255,0.0156,0.0186,145.52,166.62,45.0,370.96,271.73,2035119.0,1069239.0,48.0,5667025.0,62.0,0.0035,0.0093,49.0,32.0,0.0286,47.0,977686.0,844,2385381.0
0.025,53.0,16.67,4.0,106.38,45.98,11128278.0,0.015,1617.0,15.0,183.07,0.025,1564420.0,11190349.0,216582.0,78.0,0.0246,0.0133,0.018,145.68,166.67,45.0,371.15,272.34,2035726.0,1071157.0,48.0,5678822.0,62.0,0.0046,0.0081,49.0,32.0,0.0281,47.0,982586.0,845,2396057.0
0.0241,53.0,16.66,4.0,106.44,45.98,11170847.0,0.014,1618.7,15.0,182.95,0.0239,1568764.0,11219038.0,216582.0,78.0,0.0252,0.0126,0.0187,145.77,166.83,45.0,371.51,272.54,2037886.0,1073784.0,48.0,5700348.0,62.0,0.0052,0.0081,49.0,32.0,0.0275,47.0,983943.0,846,2405747.0
0.0246,53.0,16.66,4.0,106.45,45.98,11195838.0,0.0141,1618.02,15.0,182.95,0.0243,1571144.0,11229456.0,216582.0,78.0,0.0252,0.0138,0.0187,145.77,166.74,45.0,371.5,272.2,2039482.0,1074284.0,47.0,5716947.0,62.0,0.0052,0.0081,49.0,32.0,0.0274,47.0,986344.0,847,2413874.0
0.0246,53.0,16.65,4.0,106.53,45.96,11216450.0,0.0139,1618.56,15.0,182.9,0.024,1574998.0,11250680.0,216782.0,78.0,0.0257,0.0137,0.0189,145.78,166.75,45.0,371.57,272.24,2042669.0,1075549.0,47.0,5725881.0,62.0,0.0053,0.0084,49.0,32.0,0.0267,47.0,988524.0,848,2417774.0
0.0248,53.0,16.66,4.0,106.52,45.96,11265145.0,0.014,1617.88,15.0,182.88,0.0244,1577754.0,11264154.0,216782.0,78.0,0.0255,0.0132,0.019,145.7,166.71,45.0,371.51,272.38,2044100.0,1077049.0,47.0,5730794.0,62.0,0.0048,0.0084,49.0,32.0,0.0268,47.0,990324.0,849,2420154.0
0.0254,53.0,16.66,4.0,106.41,45.98,11291262.0,0.0141,1615.96,16.0,182.9,0.0256,1581154.0,11281256.0,218782.0,78.0,0.0255,0.014,0.0189,145.66,166.61,45.0,371.47,272.14,2047315.0,1078467.0,46.0,5739048.0,62.0,0.0045,0.0081,49.0,32.0,0.0278,48.0,990524.0,850,2422314.0
0.0256,53.0,16.65,4.0,106.35,45.84,11333964.0,0.0145,1615.85,16.0,182.77,0.0256,1584554.0,11293940.0,221682.0,78.0,0.0257,0.0147,0.0196,145.62,166.58,45.0,371.33,271.96,2049192.0,1079777.0,46.0,5746340.0,62.0,0.0042,0.011,49.0,32.0,0.0283,48.0,991824.0,851,2429413.0
0.0256,53.0,16.64,4.0,106.29,45.84,11362686.0,0.0143,1614.0,16.0,182.68,0.0268,1587554.0,11332132.0,221682.0,78.0,0.0266,0.0149,0.0201,145.42,166.57,45.0,371.4,271.91,2051884.0,1083354.0,46.0,5760755.0,62.0,0.0028,0.011,49.0,32.0,0.0289,48.0,999224.0,852,2438313.0
0.0259,53.0,16.65,4.0,106.25,45.86,11383710.0,0.014,1612.5,16.0,182.66,0.0277,1590372.0,11365544.0,221882.0,78.0,0.026,0.0159,0.0202,145.33,166.52,45.0,371.5,271.65,2054489.0,1089388.0,47.0,5773705.0,62.0,0.0022,0.0106,49.0,32.0,0.0293,49.0,1004734.0,853,2453172.0
0.0259,53.0,16.65,4.0,106.29,45.86,11402976.0,0.0141,1614.26,16.0,182.67,0.0266,1592350.0,11414932.0,221882.0,78.0,0.026,0.0148,0.0202,145.32,166.52,45.0,371.46,271.94,2055489.0,1090944.0,47.0,5786362.0,62.0,0.0021,0.0106,49.0,32.0,0.0289,49.0,1005935.0,854,2458522.0
0.0253,53.0,16.67,4.0,106.32,45.92,11430091.0,0.0142,1615.86,16.0,182.71,0.0256,1597240.0,11431267.0,222082.0,78.0,0.0249,0.014,0.02,145.41,166.63,45.0,371.45,272.15,2056107.0,1092252.0,47.0,5796605.0,62.0,0.0028,0.0093,49.0,32.0,0.0286,49.0,1008775.0,855,2466200.0
0.0247,53.0,16.68,4.0,106.41,45.97,11453974.0,0.0127,1616.4,16.0,182.85,0.0253,1598440.0,11444526.0,222482.0,78.0,0.024,0.0143,0.0192,145.47,166.73,45.0,372.01,272.08,2068746.0,1093580.0,47.0,5807778.0,62.0,0.0032,0.0082,49.0,32.0,0.0278,49.0,1011775.0,856,2469670.0
0.0243,53.0,16.67,4.0,106.46,46.01,11485993.0,0.0134,1616.04,16.0,182.72,0.0255,1601764.0,11472532.0,223082.0,78.0,0.0249,0.0144,0.0199,145.5,166.79,45.0,371.73,272.03,2071757.0,1096196.0,47.0,5818836.0,62.0,0.0034,0.0073,49.0,32.0,0.0273,49.0,1014873.0,857,2474570.0
0.0252,53.0,16.65,4.0,106.42,46.04,11498071.0,0.0136,1615.42,16.0,182.55,0.0259,1604344.0,11492454.0,223482.0,78.0,0.026,0.0145,0.0208,145.42,166.65,45.0,371.67,272.02,2074483.0,1097196.0,48.0,5826348.0,62.0,0.0028,0.0068,49.0,32.0,0.0277,48.0,1019760.0,858,2480698.0
0.0249,53.0,16.65,4.0,106.43,45.96,11510925.0,0.0146,1616.27,16.0,182.58,0.0254,1606944.0,11503187.0,223882.0,78.0,0.026,0.0149,0.0207,145.42,166.69,45.0,371.3,271.92,2075571.0,1097496.0,48.0,5832649.0,62.0,0.0028,0.0084,49.0,32.0,0.0276,48.0,1021122.0,859,2481098.0
0.0245,53.0,16.65,4.0,106.47,45.91,11525728.0,0.0146,1617.43,16.0,182.57,0.0247,1714708.0,11515289.0,224082.0,78.0,0.026,0.015,0.0207,145.41,166.76,45.0,371.29,271.89,2076288.0,1098596.0,46.0,5837154.0,62.0,0.0028,0.0096,49.0,32.0,0.0273,48.0,1028522.0,860,2482673.0
0.024,53.0,16.65,4.0,106.51,45.86,11544063.0,0.015,1617.25,16.0,182.54,0.0248,1718908.0,11532760.0,226282.0,78.0,0.026,0.0138,0.0209,145.46,166.85,45.0,371.12,272.22,2077168.0,1099496.0,46.0,5846590.0,62.0,0.0031,0.0106,49.0,32.0,0.0269,48.0,1030622.0,861,2490701.0
0.0236,53.0,16.64,4.0,106.49,45.86,11559021.0,0.0148,1618.12,16.0,182.67,0.0243,1724332.0,11555779.0,226282.0,78.0,0.0263,0.0134,0.0202,145.46,166.91,45.0,371.22,272.31,2081680.0,1100396.0,46.0,5851847.0,62.0,0.0031,0.0106,49.0,32.0,0.027,48.0,1033782.0,862,2494765.0
0.0232,53.0,16.65,4.0,106.55,45.97,11596049.0,0.0153,1619.0,15.0,182.77,0.0237,1727972.0,11584273.0,227482.0,78.0,0.026,0.0115,0.0196,145.56,166.98,45.0,371.04,272.84,2085190.0,1101306.0,45.0,5863752.0,62.0,0.0038,0.0083,49.0,32.0,0.0265,46.0,1035706.0,863,2502883.0
0.0235,53.0,16.65,4.0,106.53,45.97,11622340.0,0.0151,1618.0,15.0,182.83,0.0243,1732492.0,11597328.0,227482.0,78.0,0.026,0.0126,0.0193,145.53,166.93,45.0,371.11,272.55,2087620.0,1103292.0,45.0,5870202.0,62.0,0.0036,0.0083,49.0,32.0,0.0267,46.0,1043478.0,864,2504063.0
0.024,53.0,16.66,4.0,106.5,46.01,11660164.0,0.0137,1618.51,16.0,182.95,0.024,1739024.0,11617266.0,228082.0,78.0,0.0255,0.0116,0.0187,145.58,166.85,45.0,371.61,272.81,2092069.0,1106131.0,45.0,5879954.0,62.0,0.0039,0.0073,49.0,32.0,0.027,49.0,1047143.0,865,2508863.0
0.024,53.0,16.64,4.0,106.44,45.89,11678906.0,0.0147,1618.29,16.0,182.99,0.0242,1742620.0,11632284.0,228840.0,78.0,0.0263,0.0121,0.0185,145.54,166.84,45.0,371.25,272.68,2094269.0,1108586.0,45.0,5887996.0,62.0,0.0036,0.0099,49.0,32.0,0.0275,49.0,1052751.0,866,2510563.0
0.0245,53.0,16.64,4.0,106.33,45.92,11696514.0,0.0151,1616.29,16.0,182.9,0.0254,1746910.0,11645174.0,229040.0,78.0,0.0266,0.0137,0.0189,145.44,166.76,45.0,371.11,272.24,2099432.0,1110118.0,45.0,5893037.0,62.0,0.003,0.0093,49.0,32.0,0.0285,49.0,1056785.0,867,2511613.0
0.0251,53.0,16.62,4.0,106.33,45.92,11729371.0,0.0153,1615.36,15.0,182.88,0.0259,1754260.0,11672311.0,229440.0,78.0,0.0278,0.0137,0.019,145.4,166.66,45.0,371.01,272.25,2103777.0,1111318.0,46.0,5899148.0,62.0,0.0027,0.0094,49.0,32.0,0.0285,47.0,1072768.0,868,2516741.0
0.0247,53.0,16.64,4.0,106.4,45.92,11741915.0,0.0152,1616.16,15.0,182.96,0.0255,1758066.0,11692618.0,229440.0,78.0,0.0266,0.013,0.0186,145.5,166.72,45.0,371.08,272.43,2104785.0,1113918.0,46.0,5909186.0,62.0,0.0034,0.0094,49.0,32.0,0.0279,47.0,1075723.0,869,2520255.0
0.0245,53.0,16.63,4.0,106.52,46.0,11763125.0,0.0146,1617.21,16.0,183.03,0.0248,1760466.0,11699799.0,230240.0,78.0,0.0269,0.0128,0.0182,145.58,166.77,45.0,371.3,272.49,2110589.0,1114998.0,46.0,5918664.0,62.0,0.0039,0.0076,49.0,32.0,0.0268,48.0,1078423.0,870,2521066.0
0.0255,53.0,16.64,4.0,106.45,46.05,11783924.0,0.0153,1616.61,16.0,183.02,0.0252,1763766.0,11719714.0,230640.0,78.0,0.0266,0.0132,0.0183,145.53,166.59,45.0,371.01,272.37,2118596.0,1116298.0,46.0,5931160.0,62.0,0.0036,0.0065,49.0,32.0,0.0274,48.0,1079823.0,871,2522516.0
0.0252,53.0,16.63,4.0,106.44,46.05,11811536.0,0.0148,1615.53,16.0,182.93,0.0258,1768432.0,11735598.0,230640.0,78.0,0.0269,0.0127,0.0188,145.5,166.65,45.0,371.2,272.51,2120964.0,1116998.0,46.0,5945223.0,62.0,0.0034,0.0065,49.0,32.0,0.0275,48.0,1082224.0,872,2526416.0
0.025,53.0,16.63,4.0,106.37,46.05,11837805.0,0.015,1615.06,16.0,182.89,0.0261,1771532.0,11747401.0,230640.0,78.0,0.0272,0.0135,0.019,145.5,166.67,45.0,371.13,272.3,2122364.0,1118720.0,45.0,5958151.0,64.0,0.0034,0.0065,49.0,32.0,0.0281,46.0,1086503.0,873,2528431.0
0.025,53.0,16.62,4.0,106.37,46.0,11852710.0,0.0148,1615.09,16.0,182.81,0.0261,1778622.0,11759845.0,230840.0,81.0,0.0278,0.0134,0.0194,145.46,166.67,45.0,371.2,272.33,2125717.0,1119352.0,45.0,5989171.0,64.0,0.0031,0.0077,49.0,32.0,0.0281,46.0,1096103.0,874,2529978.0
0.0256,62.0,16.62,4.0,106.28,45.98,11891084.0,0.0147,1612.88,15.0,182.79,0.0274,1782828.0,11782851.0,233640.0,81.0,0.0278,0.0149,0.0195,145.41,166.57,44.0,371.26,271.91,2134020.0,1123247.0,44.0,6019702.0,64.0,0.0028,0.008,49.0,32.0,0.029,47.0,1100776.0,875,2533781.0
0.0257,62.0,16.62,4.0,106.27,45.98,11915252.0,0.0156,1610.98,15.0,182.72,0.0286,1784036.0,11822722.0,233640.0,81.0,0.0278,0.0174,0.0199,145.26,166.55,44.0,370.93,271.23,2142384.0,1133504.0,44.0,6043018.0,64.0,0.0017,0.008,49.0,32.0,0.0291,47.0,1106176.0,876,2540739.0
0.0256,62.0,16.62,4.0,106.31,45.95,11939256.0,0.0165,1610.43,15.0,182.67,0.0289,1789656.0,11837503.0,233840.0,81.0,0.0278,0.0162,0.0202,145.33,166.57,44.0,370.58,271.56,2150192.0,1141018.0,44.0,6057703.0,64.0,0.0022,0.0086,49.0,32.0,0.0287,47.0,1126138.0,877,2550201.0
0.0261,62.0,16.62,4.0,106.21,45.88,11976524.0,0.0195,1608.65,16.0,182.63,0.03,1795746.0,11888635.0,235540.0,81.0,0.0278,0.0179,0.0204,145.14,166.49,44.0,369.43,271.09,2183277.0,1151355.0,46.0,6073730.0,64.0,0.0009,0.0101,49.0,32.0,0.0297,48.0,1127068.0,878,2562181.0
0.0271,62.0,16.61,4.0,106.05,45.89,12049223.0,0.0205,1607.37,16.0,182.52,0.0308,1799638.0,11945708.0,235940.0,81.0,0.0284,0.0196,0.021,144.85,166.31,44.0,369.06,270.61,2190901.0,1163107.0,46.0,6144018.0,64.0,0.0011,0.0099,49.0,32.0,0.0311,48.0,1135230.0,879,2571882.0
0.0277,62.0,16.62,4.0,105.89,45.67,12121046.0,0.0218,1607.5,16.0,182.54,0.0307,1805238.0,11992400.0,239348.0,81.0,0.0278,0.0199,0.0209,144.76,166.22,44.0,368.58,270.54,2200884.0,1167468.0,46.0,6194554.0,64.0,0.0017,0.0147,49.0,32.0,0.0325,48.0,1136830.0,880,2580743.0
0.0269,62.0,16.62,4.0,106.01,45.76,12186360.0,0.02,1610.19,15.0,182.55,0.0291,1808038.0,12026462.0,240348.0,81.0,0.0278,0.0175,0.0208,144.83,166.36,44.0,369.27,271.2,2205244.0,1177264.0,46.0,6221986.0,64.0,0.0012,0.0127,49.0,32.0,0.0314,47.0,1140438.0,881,2586732.0
0.0271,62.0,16.62,4.0,105.92,45.78,12242199.0,0.0226,1608.59,15.0,182.5,0.03,1812798.0,12082882.0,240748.0,81.0,0.0278,0.0181,0.0211,144.74,166.31,44.0,368.27,271.02,2216767.0,1184972.0,46.0,6247555.0,64.0,0.0019,0.0124,49.0,32.0,0.0323,47.0,1141622.0,882,2597708.0
0.0277,62.0,16.58,4.0,105.72,45.78,12322448.0,0.0238,1605.07,15.0,182.37,0.0321,1815934.0,12133816.0,240748.0,81.0,0.0298,0.0205,0.0218,144.57,166.21,44.0,367.82,270.35,2236205.0,1197681.0,46.0,6282184.0,64.0,0.0031,0.0124,49.0,32.0,0.0341,47.0,1145452.0,883,2608941.0
0.0282,62.0,16.58,4.0,105.71,45.7,12393281.0,0.0246,1604.05,16.0,182.65,0.0328,1817246.0,12188069.0,241748.0,81.0,0.0298,0.0209,0.0203,144.46,166.13,44.0,367.53,270.25,2253538.0,1206881.0,46.0,6295836.0,64.0,0.0038,0.014,49.0,32.0,0.0342,47.0,1149271.0,884,2619128.0
0.0274,62.0,16.59,4.0,105.81,45.73,12443681.0,0.0255,1604.06,16.0,182.86,0.0328,1820982.0,12222253.0,242148.0,81.0,0.0295,0.0202,0.0191,144.48,166.27,44.0,367.17,270.45,2266059.0,1214031.0,46.0,6328875.0,64.0,0.0036,0.0135,49.0,32.0,0.0333,47.0,1150271.0,885,2633528.0
0.0268,62.0,16.61,4.0,105.83,45.74,12503939.0,0.0242,1605.78,16.0,182.97,0.0317,1825582.0,12243037.0,242548.0,81.0,0.0284,0.02,0.0186,144.56,166.37,44.0,367.68,270.49,2283014.0,1219613.0,46.0,6351813.0,64.0,0.0031,0.0133,49.0,32.0,0.0331,47.0,1156109.0,886,2652379.0
0.0274,62.0,16.6,4.0,105.85,45.74,12543008.0,0.0242,1605.38,16.0,182.92,0.032,1835182.0,12265888.0,242548.0,81.0,0.0287,0.0199,0.0188,144.52,166.27,44.0,367.66,270.52,2290983.0,1221677.0,46.0,6373608.0,64.0,0.0034,0.0133,49.0,32.0,0.0329,47.0,1156409.0,887,2653479.0
0.028,62.0,16.59,4.0,105.79,45.74,12579166.0,0.0241,1604.71,16.0,182.88,0.0324,1840876.0,12290329.0,242548.0,81.0,0.0293,0.0214,0.019,144.4,166.17,44.0,367.71,270.03,2294883.0,1224630.0,47.0,6394564.0,64.0,0.0042,0.0133,49.0,32.0,0.0334,48.0,1159884.0,888,2689928.0
0.0273,62.0,16.59,4.0,105.79,45.78,12629978.0,0.024,1605.03,16.0,182.89,0.0322,1843936.0,12348377.0,242948.0,81.0,0.0293,0.021,0.019,144.44,166.29,44.0,367.74,270.22,2309868.0,1227382.0,47.0,6414550.0,64.0,0.0039,0.0123,49.0,32.0,0.0334,48.0,1162354.0,889,2698855.0
0.0275,62.0,16.59,4.0,105.72,45.75,12655836.0,0.0239,1604.8,16.0,182.99,0.0323,1846636.0,12365521.0,243748.0,81.0,0.0295,0.0213,0.0185,144.48,166.25,44.0,367.77,270.15,2314218.0,1232391.0,47.0,6435900.0,64.0,0.0038,0.0129,49.0,32.0,0.0341,48.0,1163254.0,890,2706962.0
0.0271,62.0,16.6,4.0,105.7,45.68,12688433.0,0.0239,1602.71,16.0,182.99,0.0333,1849212.0,12376972.0,244548.0,81.0,0.029,0.0212,0.0185,144.43,166.32,44.0,367.8,270.17,2317758.0,1235791.0,46.0,6457631.0,64.0,0.004,0.0145,49.0,32.0,0.0343,48.0,1164384.0,891,2712862.0
0.0276,62.0,16.58,4.0,105.62,45.72,12735402.0,0.0249,1600.8,16.0,182.9,0.0347,1851844.0,12407408.0,244948.0,81.0,0.0298,0.023,0.0189,144.42,166.23,44.0,367.4,269.68,2323288.0,1253401.0,46.0,6493996.0,64.0,0.0041,0.0136,49.0,32.0,0.035,48.0,1168484.0,892,2718474.0
0.028,62.0,16.58,4.0,105.62,45.62,12775131.0,0.0257,1600.7,16.0,182.94,0.0348,1858434.0,12446168.0,245748.0,81.0,0.0301,0.025,0.0187,144.39,166.17,44.0,367.1,269.13,2336189.0,1259040.0,46.0,6509063.0,64.0,0.0043,0.0157,49.0,32.0,0.035,48.0,1168884.0,893,2733809.0
0.0277,62.0,16.6,4.0,105.63,45.65,12806991.0,0.028,1599.63,16.0,182.88,0.0354,1866012.0,12485984.0,246348.0,81.0,0.029,0.0249,0.019,144.32,166.22,44.0,366.24,269.15,2354924.0,1273231.0,47.0,6536923.0,64.0,0.0048,0.0152,49.0,32.0,0.0349,49.0,1179014.0,894,2741797.0
0.0279,62.0,16.59,4.0,105.63,45.54,12827474.0,0.0262,1597.62,16.0,182.84,0.0366,1877726.0,12509512.0,250264.0,81.0,0.0295,0.026,0.0193,144.15,166.18,44.0,366.9,268.85,2362067.0,1282689.0,47.0,6556574.0,64.0,0.0059,0.0175,49.0,32.0,0.0349,49.0,1180614.0,895,2753696.0
0.0266,62.0,16.6,4.0,105.83,45.6,12880397.0,0.0264,1600.25,15.0,183.0,0.0351,1885726.0,12555406.0,250838.0,81.0,0.0287,0.0234,0.0184,144.28,166.4,44.0,366.85,269.56,2371864.0,1291026.0,46.0,6570738.0,64.0,0.005,0.0162,49.0,32.0,0.0331,48.0,1183214.0,896,2762188.0
