Approx net worth,Base case net worth,Difference,APPL price,SMA,MACD,EMA_12,EMA_26
102927890.0,102927890.0,0.0,165.69,165.7,0.0,0.0,0.0
102924992.9,102924990.0,2.9000000059604645,165.73,165.71,0.0,0.0,0.0
102918775.36000001,102918760.0,15.360000014305115,165.42,165.6375,0.0,0.0,0.0
102918017.64000002,102918000.0,17.640000015497208,165.28,165.56599999999997,0.0,0.0,0.0
102921284.52,102921280.0,4.519999995827675,165.26,165.515,0.0,0.0,0.0
102915812.01999998,102915780.0,32.019999980926514,165.05,165.44857142857146,0.0,0.0,0.0
102928286.71999998,102928330.0,-43.280000016093254,165.5,165.455,0.0,0.0,0.0
102938206.78999998,102938320.0,-113.21000002324581,165.82,165.49555555555557,0.0,0.0,0.0
102928505.02999996,102928540.0,-34.97000004351139,165.53,165.49900000000002,0.0,0.0,0.0
102934104.17999996,102934190.0,-85.82000003755093,165.63,165.491,0.0,0.0,0.0
102933252.78,102933330.0,-77.2199999988079,165.68,165.49,0.0,0.0,0.0
102933064.87,102933140.0,-75.12999999523163,165.74,165.491,0.0,0.0,0.0
102934951.95,102935050.0,-98.04999999701977,166.09,165.558,0.0,0.0,0.0
102939156.57000001,102939310.0,-153.4299999922514,166.07,165.637,0.0,0.0,0.0
102937657.85000001,102937790.0,-132.1499999910593,166.03,165.714,0.0,0.0,0.0
102937057.0,102937180.0,-123.0,166.02,165.811,0.0,0.0,0.0
102940825.72,102941010.0,-184.2800000011921,166.06,165.86700000000002,0.0,0.0,0.0
102935370.07,102935460.0,-89.93000000715256,165.74,165.85899999999998,0.0,0.0,0.0
102932836.50999999,102932880.0,-43.49000000953674,165.87,165.89299999999997,0.0,0.0,0.0
102929471.68,102929450.0,21.680000007152557,165.68,165.898,0.0,0.0,0.0
102924855.88,102924740.0,115.87999999523163,165.58,165.88799999999998,0.0,0.0,0.0
102918649.02000001,102918400.0,249.02000001072884,165.33,165.84699999999998,0.0,0.0,0.0
102918267.60000001,102918010.0,257.6000000089407,165.36,165.774,0.0,0.0,0.0
102921188.83000003,102921000.0,188.83000002801418,165.49,165.716,0.0,0.0,0.0
102925580.83000004,102925500.0,80.83000004291534,165.64,165.67700000000002,0.0,0.0,0.0
102919282.33000004,102919040.0,242.33000004291534,165.31,165.60600000000002,0.0,0.0,0.0
102917684.97000006,102917400.0,284.97000005841255,165.09,165.509,-0.05704415954417641,165.51942307692306,165.57646723646724
102916721.70000003,102916410.0,311.70000003278255,165.2,165.455,-0.07829970941793363,165.47028106508876,165.5485807745067
102921251.22000003,102921070.0,181.22000002861023,165.31,165.399,-0.08528568485274945,165.44562243969048,165.53090812454323
102922261.06000006,102922110.0,151.06000006198883,165.43,165.37399999999997,-0.08021446122072007,165.4432189874304,165.52343344865113
102923163.16000009,102923040.0,123.16000008583069,165.36,165.352,-0.08091120098228544,165.43041606628728,165.51132726726956
102921360.8200001,102921180.0,180.82000009715557,165.34,165.353,-0.08213045633985416,165.41650590224307,165.49863635858293
102915572.1800001,102915200.0,372.1800000965595,165.27,165.344,-0.08773379935402659,165.3939665326672,165.48170033202123
102906840.17000009,102906170.0,670.1700000911951,165.04,165.29899999999998,-0.10947164588245073,165.3395101430261,165.44898178890855
102904908.17000009,102904170.0,738.1700000911951,165.06,165.24099999999999,-0.12365974050291584,165.29650858256056,165.42016832306348
102910341.12000008,102909800.0,541.1200000792742,165.38,165.248,-0.10783947571266594,165.30935341601278,165.41719289172545
102910582.12000011,102910050.0,532.1200001090765,165.43,165.282,-0.09022713747856415,165.3279144289339,165.41814156641246
102906816.7900001,102906140.0,676.7900000959635,165.42,165.30399999999997,-0.07619778829254642,165.34208143986714,165.4182792281597
102906383.89000009,102905690.0,693.890000090003,165.28,165.301,-0.07550587325172842,165.33253044911837,165.4080363223701
102912284.4300001,102911830.0,454.4300000965595,165.73,165.331,-0.038205872883537495,165.39367961079247,165.431885483676
102913618.83000012,102913220.0,398.83000011742115,165.79,165.37399999999997,-0.003760506522326068,165.45465197836288,165.4584124848852
102917138.36000012,102916890.0,248.36000011861324,165.85,165.425,0.028055783436144566,165.51547475092244,165.4874189674863
102920117.74000013,102920000.0,117.74000012874603,166.01,165.49899999999997,0.0654268848744266,165.59155555847283,165.5261286735984
102914844.67000014,102914490.0,354.6700001358986,166.01,165.596,0.0939606323274802,165.65593162640008,165.5619709940726
102915016.75000012,102914670.0,346.7500001192093,166.22,165.71200000000005,0.13199749278410877,165.74271137618467,165.61071388340056
102918101.40000013,102917900.0,201.40000012516975,166.56,165.82999999999998,0.18741671402185034,165.86844808754088,165.68103137351903
102907798.2000001,102907100.0,698.2000001072884,166.2,165.907,0.19998258007393588,165.91945607407305,165.71947349399912
102909904.33000013,102909310.0,594.3300001323223,166.41,166.006,0.22430076481478523,165.99492437036952,165.77062360555473
102902136.01000014,102901150.0,986.0100001394749,165.93,166.071,0.20250674129474078,165.98493600569728,165.78242926440254
102903876.34000014,102902980.0,896.3400001376867,166.12,166.10999999999999,0.19828057766744678,166.00571508174386,165.8074345040764
102903315.84000014,102902390.0,925.8400001376867,166.09,166.14,0.19031671069257072,166.0186819922448,165.82836528155224
102906703.77000012,102905960.0,743.770000115037,166.22,166.177,0.19227873274138574,166.04965399343791,165.85737526069653
102905945.37000011,102905160.0,785.3700001090765,166.14,166.19,0.18524295249198985,166.06355337906285,165.87831042657086
102904780.56000012,102903930.0,850.5600001215935,165.82,166.171,0.15209249272402303,166.0260836284378,165.87399113571377
102902699.36000009,102901730.0,969.3600000888109,165.57,166.10600000000002,0.10444364256139238,165.95591691637043,165.85147327380903
102898116.11000009,102896880.0,1236.110000088811,165.19,165.96900000000002,0.0356082910942348,165.83808354462113,165.8024752535269
102894519.47000007,102893070.0,1449.4700000733137,165.05,165.85399999999998,-0.029896423486519552,165.71683992237172,165.74673634585824
102886390.81000008,102884450.0,1940.81000007689,164.91,165.70399999999998,-0.09204517224938513,165.5927107035453,165.68475587579468
102885853.8700001,102883880.0,1973.8700000941753,164.93,165.60399999999998,-0.1380928224510285,165.49075521069219,165.6288480331432
102891603.38000008,102889990.0,1613.3800000846386,165.21,165.51299999999998,-0.15026015155547157,165.44756210135492,165.5978222529104
102893737.18000007,102892260.0,1477.1800000667572,165.13,165.41699999999997,-0.16446235924064467,165.39870639345415,165.5631687526948
102894084.61000006,102892630.0,1454.6100000590086,165.33,165.32800000000003,-0.15776081415933163,165.38813617907658,165.5458969932359
102893953.29000007,102892490.0,1463.2900000661612,165.16,165.23,-0.16427372540152874,165.35303830537248,165.517312030774
102891807.56000006,102890200.0,1607.5600000619888,165.21,165.169,-0.16351576440436588,165.33103241223824,165.4945481766426
102887464.52000006,102885560.0,1904.5200000554323,164.98,165.11,-0.17940607115124863,165.27702742574004,165.4564334968913
102887511.27000004,102885610.0,1901.2700000405312,165.08,165.099,-0.18183402007088034,165.24671551408773,165.4285495341586
102891153.87000005,102889510.0,1643.8700000494719,165.31,165.12500000000003,-0.1633164983404356,165.25645158884345,165.41976808718388
102887795.07000007,102885910.0,1885.0700000673532,165.0,165.134,-0.17167665654775988,165.21699749825214,165.3886741547999
102882314.91000009,102880030.0,2284.9100000858307,165.1,165.151,-0.1682930009375525,165.19899788313643,165.36729088407398
102889409.13000007,102887650.0,1759.1300000697374,165.35,165.16500000000002,-0.143781099807768,165.22222897803852,165.36601007784628
102886851.63000005,102884900.0,1951.6300000548363,165.24,165.176,-0.13171301658860557,165.2249629814172,165.3566759980058
102883423.62000005,102881210.0,2213.620000049472,165.07,165.15,-0.13431821615662898,165.20112252273765,165.33544073889428
102879099.14000006,102876550.0,2549.1400000602007,164.84,165.118,-0.1531762133548682,165.14556521154725,165.29874142490212
102876976.31000008,102874260.0,2716.31000007689,164.78,165.075,-0.17099172439787935,165.08932440977074,165.26031613416862
102875031.71000007,102872160.0,2871.7100000679493,164.97,165.074,-0.16784442707376002,165.07096680826754,165.2388112353413
102877186.96000008,102874490.0,2696.9600000828505,165.02,165.06799999999998,-0.15947723484464404,165.06312576084176,165.2226029956864
102881030.80000007,102878650.0,2380.8000000715256,165.04,165.041,-0.1495088963762896,165.05956795148148,165.20907684785777
102878252.57000007,102875640.0,2612.5700000673532,164.96,165.03699999999998,-0.14637690587969132,165.04424980509972,165.19062671097942
102871927.65000007,102868780.0,3147.650000065565,164.78,165.00499999999997,-0.15661392864299728,165.00359598893053,165.16020991757352
102863343.9300001,102859460.0,3883.9300000965595,164.68,164.938,-0.17082682193455412,164.9538119906335,165.12463881256807
102867953.13000007,102864470.0,3483.1300000697374,164.94,164.90799999999996,-0.15927479449135262,164.9516870689976,165.11096186348894
102869432.72000006,102866080.0,3352.7200000584126,164.94,164.895,-0.1484089633664496,164.94988905838258,165.09829802174903
102869653.04000007,102866320.0,3333.040000066161,164.93,164.904,-0.13900229837267375,164.9468292032468,165.08583150161948
102870395.81000006,102867130.0,3265.810000061989,164.88,164.91400000000002,-0.13403693635905256,164.93654778736268,165.07058472372174
102877531.45000008,102874920.0,2611.450000077486,165.23,164.94,-0.10069898109074416,164.98169428161458,165.08239326270532
102879974.50000009,102877590.0,2384.500000089407,165.11,164.949,-0.08300458330398897,165.00143362290464,165.08443820620863
102887780.06000009,102886130.0,1650.0600000917912,165.18,164.96300000000002,-0.06261148437357633,165.02890537322702,165.0915168576006
102890555.5800001,102889170.0,1385.58000010252,165.09,164.97600000000003,-0.0530999512016308,165.0383045465767,165.09140449777834
102889780.3800001,102888320.0,1460.3800000995398,164.98,164.99600000000004,-0.05381769642360723,165.02933461633413,165.08315231275773
102891629.7100001,102890350.0,1279.7100000977516,164.8,165.008,-0.06812569970094273,164.99405236766734,165.06217806736828
102899437.51000008,102898930.0,507.5100000798702,165.16,165.03,-0.04984136381051485,165.0195827726416,165.0694241364521
102898837.57000008,102898270.0,567.5700000822544,165.25,165.06100000000004,-0.02776854949397034,165.05503157685058,165.08280012634455
102900835.17000009,102900470.0,365.1700000911951,165.32,165.1,-0.004574537713267546,165.0957959496428,165.10037048735606
102897225.31000008,102896490.0,735.31000007689,165.24,165.13600000000002,0.007267773940725419,165.1179811881593,165.11071341421857
102894389.53000009,102893360.0,1029.530000090599,165.1,165.123,0.005295023539247268,165.1152148515194,165.10991982798015
102897185.9800001,102896450.0,735.9800000935793,164.91,165.103,-0.011467615932446051,165.08364333590103,165.09511095183348
102894672.86000009,102893670.0,1002.8600000888109,164.78,165.063,-0.03484042331416504,165.03692897653164,165.0717693998458
102899603.2400001,102899130.0,473.2400000989437,164.98,165.052,-0.03680099407404214,165.02817067244985,165.0649716665239
102907008.66000009,102907340.0,-331.3399999141693,165.28,165.082,-0.013986045306722872,165.0669136459191,165.08089969122582
102905567.06000009,102905740.0,-172.93999990820885,165.15,165.11700000000002,-0.006322070684973369,165.07969616193154,165.0860182326165
102901364.06000012,102901070.0,294.0600001215935,165.04,165.105,-0.009020414549013367,165.0735890600959,165.08260947464493
102903737.4200001,102903710.0,27.420000106096268,165.19,165.099,0.0009341070908419624,165.09149843546578,165.09056432837494
102899543.76000011,102899040.0,503.76000010967255,165.07,165.074,-0.0008500609359316513,165.08819098385567,165.0890410447916
102899588.61000012,102899090.0,498.61000011861324,165.0,165.04999999999998,-0.007822271658511681,165.07462314018557,165.08244541184408
102903423.49000013,102903370.0,53.49000012874603,165.16,165.05599999999998,-0.000432154456433409,165.08775804169548,165.0881901961519
102905508.84000012,102905700.0,-191.15999987721443,165.09,165.074,-0.00022129733849851618,165.08810295835772,165.08832425569622
102903765.54000011,102903750.0,15.54000011086464,165.05,165.101,-0.0032444571767200614,165.08224096476422,165.08548542194094
102903640.52000012,102903610.0,30.520000115036964,165.2,165.123,0.006389756137224367,165.10035773941587,165.09396798327865
102908064.84000011,102908570.0,-505.1599998921156,165.33,165.128,0.02423548159814004,165.13568731796727,165.11145183636913
102901533.81000008,102901240.0,293.81000007689,165.24,165.137,0.0307615003313515,165.15173542289537,165.12097392256402
102901435.91000009,102901130.0,305.9100000858307,165.2,165.153,0.0323330363721368,165.15916074244993,165.1268277060778
102894101.66000012,102892880.0,1221.660000115633,165.04,165.13799999999998,0.020432296388463556,165.14082832053455,165.1203960241461
102890363.18000014,102888670.0,1693.180000141263,164.98,165.129,0.006089183336968063,165.11608550199077,165.1099963186538
102892829.04000016,102891450.0,1379.0400001555681,165.17,165.146,0.009939004355487668,165.12438004014604,165.11444103579055
102889400.22000015,102887580.0,1820.2200001478195,164.98,165.128,-0.0023147142694028844,165.1021677262774,165.1044824405468
102886364.67000014,102884150.0,2214.6700001358986,164.82,165.10099999999997,-0.02465236032284679,165.0587573068501,165.08340966717296
102880132.4700001,102877100.0,3032.470000103116,164.57,165.053,-0.06181544642942072,164.98356387502702,165.04537932145644
102881147.9200001,102878250.0,2897.9200001060963,164.54,164.987,-0.09262053729435138,164.915323278869,165.00794381616336
102884861.14000012,102882460.0,2401.1400001198053,164.66,164.92,-0.10612742572365619,164.87604277442762,164.98217020015127
102884561.6000001,102882120.0,2441.6000000983477,164.64,164.85999999999999,-0.11709575796058402,164.83972850143874,164.95682425939933
102889234.40000013,102887430.0,1804.4000001251698,164.85,164.825,-0.10760261930903425,164.84130873198663,164.94891135129566
102891247.31000012,102889720.0,1527.3100001215935,164.89,164.81,-0.09574785119960438,164.84879969629637,164.94454754749597
102889974.21000013,102888270.0,1704.210000127554,164.88,164.8,-0.08616650466146325,164.85359974302,164.93976624768146
102888597.32000014,102886700.0,1897.320000141859,164.95,164.77799999999996,-0.0720937516225888,164.86843055178616,164.94052430340875
102887835.20000014,102885830.0,2005.2000001370907,164.82,164.762,-0.07061687956510809,164.86097969766521,164.93159657723032
102889375.20000015,102887590.0,1785.2000001519918,165.04,164.78400000000002,-0.051105177758643094,164.8885212826398,164.93962646039844
102892687.66000015,102891380.0,1307.6600001454353,165.22,164.849,-0.020876862351769887,164.93951800838752,164.9603948707393
102896720.92000017,102896000.0,720.9200001657009,165.29,164.924,0.008628249290097756,164.99343831478944,164.98481006549935
102894209.56000017,102893120.0,1089.560000166297,165.22,164.97999999999996,0.02606241653899133,165.028293958668,165.002231542129
102890856.21000019,102889270.0,1586.2100001871586,165.01,165.01699999999997,0.022672520035513344,165.0254795034883,165.00280698345279
102889098.81000018,102887250.0,1848.8100001811981,165.01,165.033,0.019758241919845432,165.02309804141316,165.00333979949332
102888160.2900002,102886170.0,1990.2900002002716,165.12,165.05599999999998,0.026024739214761894,165.03800603504192,165.01198129582716
102883959.1700002,102881330.0,2629.1700001955032,164.95,165.063,0.01707655630661975,165.02446664503546,165.00739008872884
102886594.85000017,102884370.0,2224.8500001728535,165.05,165.073,0.01784847503890319,165.02839485349153,165.01054637845263
102885261.21000019,102882830.0,2431.2100001871586,164.95,165.08599999999998,0.010272645270305247,165.0163341068005,165.0060614615302
102882726.76000018,102879900.0,2826.7600001841784,164.86,165.06799999999998,-0.0029593882551637307,164.9922827057543,164.99524209400946
102882355.2400002,102879470.0,2885.240000203252,164.88,165.03400000000002,-0.01169719927079882,164.97500844333055,164.98670564260135
102881250.60000019,102878190.0,3060.6000001877546,164.74,164.979,-0.029577852354009337,164.9388532982028,164.9684311505568
102879224.90000018,102875840.0,3384.9000001847744,164.8,164.93699999999998,-0.03846351670861736,164.91749125232545,164.95595476903407
102882927.2000002,102880140.0,2787.2000001966953,165.08,164.944,-0.0226507065396504,164.94249259812153,164.96514330466118
102878807.8000002,102875350.0,3457.800000205636,164.79,164.92200000000003,-0.03313752812761095,164.91903219841052,164.95216972653813
102880534.3900002,102877360.0,3174.390000194311,164.86,164.89600000000002,-0.03539201765519806,164.90995032173197,164.94534233938717
102878887.03000018,102875440.0,3447.030000180006,164.71,164.872,-0.04872083973342001,164.87918873377322,164.92790957350664
102879752.60000019,102876450.0,3302.6000001877546,164.8,164.847,-0.051428938629669574,164.86700585165426,164.91843479028392
102883253.64000018,102880540.0,2713.64000017941,165.21,164.873,-0.020258031056869186,164.919774182169,164.94003221322586
102889375.44000018,102887700.0,1675.4400001764297,165.59,164.946,0.03470787124155095,165.0228858464507,164.98817797520914
102886087.54000019,102883850.0,2237.5400001853704,165.39,164.997,0.06142237735866729,165.07936494699675,165.01794256963808
102888347.99000017,102886500.0,1847.9900001734495,165.99,165.122,0.12951582371982795,165.21946264745878,165.08994682373896
102889234.07000017,102887540.0,1694.0700001716614,166.32,165.27399999999997,0.20771421247891908,165.38877608631128,165.18106187383236
102894569.84000017,102893810.0,759.840000167489,166.75,165.44100000000003,0.3009156371479662,165.5981951499557,165.29727951280773
102902406.84000017,102903030.0,-623.159999832511,167.2,165.68200000000002,0.4064048942288707,165.84462666534714,165.43822177111826
102907254.63000017,102908740.0,-1485.3699998259544,167.25,165.921,0.48841038175118,166.0608379476014,165.57242756585023
102902539.75000016,102903180.0,-640.2499998360872,167.04,166.154,0.5303416283085483,166.21147826335505,165.6811366350465
102903776.37000017,102904640.0,-863.6299998313189,167.18,166.392,0.5683180564852819,166.36048160745426,165.79216355096898
102909114.63000016,102910950.0,-1835.3699998408556,167.47,166.61799999999997,0.6147290123903133,166.531176744769,165.91644773237869
102909156.88000014,102911000.0,-1843.1199998557568,167.26,166.785,0.6273332768470539,166.64330339941992,166.01597012257287
102915655.68000011,102918700.0,-3044.3199998885393,167.64,167.01,0.6603727059587925,166.7966413379707,166.1362686320119
102913851.6600001,102916560.0,-2708.339999899268,167.83,167.19400000000002,0.6938893788416749,166.9556195936675,166.26173021482583
102910357.3600001,102912410.0,-2052.639999896288,167.74,167.336,0.7050618219397506,167.07629350233404,166.3712316803943
102906917.6700001,102908320.0,-1402.3299998939037,167.65,167.426,0.6986007808121713,167.1645560404365,166.46595525962434
102910420.4700001,102912490.0,-2069.529999896884,168.02,167.50799999999998,0.7150931186089053,167.29616280344626,166.58106968483736
102910412.08000012,102912480.0,-2067.919999882579,168.23,167.606,0.7366173933088191,167.43983006445453,166.7032126711457
102915959.64000013,102919100.0,-3140.3599998652935,168.67,167.769,0.7801863561841742,167.62908697761537,166.8489006214312
102919893.54000014,102923800.0,-3906.459999859333,168.82,167.933,0.8173963828678836,167.81230436567455,166.99490798280667
102922067.14000015,102926400.0,-4332.859999850392,169.15,168.101,0.8635592655076039,168.0181036940323,167.1545444285247
102918309.64000015,102921900.0,-3590.3599998503923,169.02,168.277,0.8795152645500366,168.1722415872581,167.29272632270806
102919210.36000016,102922980.0,-3769.6399998366833,169.11,168.424,0.8891729246026898,168.31651211229533,167.42733918769264
102920426.54000016,102924440.0,-4013.459999844432,169.25,168.56599999999997,0.8977745337652436,168.46012563348066,167.5623510997154
102920767.66000016,102924850.0,-4082.3399998396635,168.91,168.68300000000002,0.8671601303026932,168.52933707448364,167.66217694418094
102918681.85000017,102922340.0,-3658.1499998271465,168.72,168.79000000000002,0.8181356246804512,168.5586698322554,167.74053420757494
102917071.65000015,102920400.0,-3328.349999845028,168.69,168.857,0.7680094664330284,168.57887447344686,167.81086500701383
102918099.61000016,102921640.0,-3540.3899998366833,168.81,168.91500000000002,0.7295572402684343,168.61443224676273,167.8848750064943
102918836.53000017,102922530.0,-3693.469999834895,168.74,168.922,0.6855327640395785,168.6337503626454,167.94821759860582
102916099.16000015,102919220.0,-3120.8399998545647,168.36,168.87600000000003,0.6129149235293312,168.59163492223843,167.9787199987091
102916446.08000016,102919640.0,-3193.9199998378754,168.29,168.79000000000002,0.5434517730038806,168.54522954958637,168.0017777765825
102918409.58000018,102922020.0,-3610.419999822974,168.44,168.73200000000003,0.49480170609072616,168.52904038811155,168.03423868202083
102917453.74000017,102920860.0,-3406.2599998265505,168.34,168.65500000000003,0.4430695829412059,168.499957251479,168.0568876685378
102914844.83000016,102917690.0,-2845.1699998378754,168.22,168.55200000000002,0.38791684163669515,168.4568869050976,168.0689700634609
102914787.29000016,102917620.0,-2832.709999844432,168.23,168.48399999999998,0.34108302048204564,168.4219812273903,168.08089820690824
102910986.06000015,102912990.0,-2003.9399998486042,167.95,168.40699999999998,0.27816668743514583,168.34936873086872,168.07120204343357
102910248.06000014,102912090.0,-1841.9399998635054,167.97,168.335,0.22729871496323995,168.29100431073508,168.06370559577184
102918814.80000016,102922550.0,-3735.1999998390675,168.89,168.34300000000002,0.25824490502128583,168.38315749369892,168.12491258867763
102918773.90000015,102922500.0,-3726.099999845028,168.91,168.35999999999999,0.2811429752374579,168.464210186976,168.18306721173855
102917434.02000016,102920860.0,-3425.9799998402596,168.78,168.402,0.28550877982004863,168.51279323513353,168.22728445531348
102915589.86000013,102918600.0,-3010.1399998664856,168.74,168.447,0.28248473748655556,168.54774812203607,168.2652633845495
102915614.31000012,102918630.0,-3015.6899998784065,168.85,168.488,0.28567120303736715,168.59424841095358,168.30857720791622
102913017.65000013,102915440.0,-2422.3499998748302,168.71,168.525,0.2737441181778877,168.61205634772995,168.33831222955206
102912627.41000013,102914960.0,-2332.589999869466,168.7,168.573,0.2604822241349609,168.62558614038687,168.3651039162519
102916224.57000014,102919390.0,-3165.429999858141,169.05,168.65500000000003,0.27504362083485034,168.69088058032736,168.4158369594925
102915932.61000015,102919030.0,-3097.3899998515844,169.09,168.76900000000003,0.2865086054762287,168.7522835679693,168.46577496249307
102913818.51000015,102916420.0,-2601.489999845624,168.96,168.868,0.2818557175972387,168.78423994212787,168.50238422453063
102912030.62000018,102914210.0,-2179.3799998164177,168.73,168.852,0.2566506833034907,168.77589533564665,168.51924465234316
102906148.3800002,102906930.0,-781.6199997961521,168.44,168.805,0.21084445206702185,168.72421913016254,168.51337467809552
102906955.3800002,102907930.0,-974.6199997961521,168.5,168.777,0.17733991816874095,168.6897238793683,168.51238396119956
102902377.3000002,102902250.0,127.30000020563602,168.24,168.727,0.1283282187536372,168.6205355902347,168.49220737148107
102906700.15000021,102907620.0,-919.8499997854233,168.38,168.68,0.09963440047965832,168.58353011481398,168.48389571433432
102906048.9100002,102906810.0,-761.08999979496,168.41,168.65,0.07841121635641457,168.55683317407338,168.47842195771696
102905438.63000019,102906050.0,-611.3699998110533,168.21,168.601,0.04493537447800122,168.50347422421592,168.45853884973792
102901973.9900002,102901730.0,243.99000020325184,168.0,168.496,0.0014436422430321727,168.42601665125963,168.4245730090166
102901501.40000021,102901140.0,361.4000002145767,168.01,168.388,-0.03184980771021628,168.36201408952738,168.3938638972376
102905301.4000002,102905890.0,-588.5999998003244,168.21,168.31300000000002,-0.04161704277089484,168.33862730652316,168.38024434929406
102910055.45000021,102911840.0,-1784.5499997884035,168.54,168.294,-0.022470380293981407,168.3696077209042,168.3920781011982
102911747.21000023,102913960.0,-2212.789999768138,168.76,168.326,0.010336496350817015,168.42966807153434,168.41933157518352
102913205.72000025,102915790.0,-2584.2799997478724,168.81,168.357,0.039910698891901575,168.48818067591367,168.44826997702177
102914017.64000024,102916810.0,-2792.3599997609854,168.82,168.41500000000002,0.06342426841678162,168.53922980269618,168.4758055342794
102918390.14000024,102922310.0,-3919.8599997609854,169.44,168.52100000000002,0.13058248649562643,168.67780983305062,168.547227346555
102921637.60000023,102926400.0,-4762.399999767542,169.79,168.659,0.2096314324377886,168.8489160125813,168.6392845801435
102919337.90000021,102923500.0,-4162.099999785423,169.33,168.77100000000002,0.23248024840455628,168.92292893372263,168.69044868531807
102919250.78000022,102923390.0,-4139.2199997752905,169.37,168.908,0.25092327802633463,168.9917090977653,168.74078581973896
102917565.95000024,102921260.0,-3694.049999758601,169.37,169.04399999999998,0.2625134205730433,169.0499076981091,168.78739427753607
102919082.75000021,102923180.0,-4097.249999791384,169.35,169.158,0.267006969057519,169.09607574455387,168.82906877549635
102918270.08000022,102922150.0,-3879.9199997782707,169.3,169.23399999999998,0.2634961370261806,169.1274487069302,168.86395256990403
102918096.7200002,102921930.0,-3833.279999792576,169.3,169.288,0.2577426801694287,169.15399505971018,168.89625237954075
102913327.50000021,102915870.0,-2542.4999997913837,169.02,169.309,0.22796156519424926,169.1333804351394,168.90541886994515
102912447.18000022,102914750.0,-2302.819999784231,168.94,169.321,0.19564916382972797,169.10362959896412,168.9079804351344
102913263.58000024,102915790.0,-2526.4199997633696,168.89,169.266,0.16411495576542734,169.07076350681578,168.90664855105035
102913906.46000025,102916610.0,-2703.5399997532368,169.03,169.18999999999997,0.14870650265791596,169.0644921980749,168.915785695417
102915253.22000024,102918330.0,-3076.7799997627735,169.0,169.15699999999998,0.1325465293952277,169.05457032144798,168.92202379205276
102918521.98000024,102922510.0,-3988.019999757409,169.14,169.13399999999996,0.1295431710908872,169.06771334891752,168.93817017782663
102918420.45000024,102922380.0,-3959.549999758601,169.27,169.12399999999997,0.13608420750668415,169.09883437216098,168.9627501646543
102918420.45000024,102922380.0,-3959.549999758601,169.28,169.117,0.14045585475545863,169.12670600721313,168.98625015245767
102920944.41000025,102925620.0,-4675.5899997502565,169.49,169.136,0.1590324347394585,169.1825973907188,169.02356495597934
102923776.33000025,102929260.0,-5483.669999748468,169.36,169.142,0.16140402948775545,169.209890099839,169.04848607035123
102925672.21000026,102931700.0,-6027.789999738336,169.34,169.17400000000004,0.15982731278643314,169.22990700755608,169.07007969476965
102926735.33000027,102933070.0,-6334.669999733567,169.27,169.20700000000002,0.15118655397157,169.23607516023975,169.08488860626818
102925417.83000025,102931370.0,-5952.169999748468,169.19,169.23700000000002,0.13631203861552876,169.22898667404903,169.0926746354335
102925301.73000026,102931220.0,-5918.269999742508,169.22,169.256,0.12549796489079768,169.2276041088107,169.1021061439199
102925811.91000026,102931880.0,-6068.089999735355,169.14,169.27000000000004,0.10921345738691457,169.21412655360905,169.10491309622213
102926089.83000027,102932240.0,-6150.169999733567,169.12,169.268,0.09361490071137268,169.1996455453615,169.10603064465013
102923321.94000025,102928650.0,-5328.059999749064,169.12,169.253,0.08032697282357049,169.18739238453665,169.10706541171308
102927872.64000025,102934560.0,-6687.359999746084,169.27,169.25199999999998,0.0809666079790361,169.2001012484541,169.11913464047507
102925488.74000025,102931460.0,-5971.259999752045,169.06,169.209,0.06379291349421123,169.1785472102304,169.11475429673618
102924774.50000025,102930530.0,-5755.49999974668,168.92,169.165,0.038442663815288824,169.1387707163488,169.1003280525335
102926899.09000023,102933300.0,-6400.909999772906,169.08,169.139,0.030906796815401094,169.12972906767976,169.09882227086436
102930744.41000023,102938320.0,-7575.589999765158,169.14,169.126,0.029436738091078496,169.13130921111363,169.10187247302255
102932197.91000026,102940220.0,-8022.089999735355,169.29,169.136,0.039915333243357054,169.15572317863462,169.11580784539126
102933985.67000027,102942560.0,-8574.329999729991,169.41,169.15499999999997,0.05724283277012887,169.1948426896139,169.13759985684376
102930002.81000026,102937340.0,-7337.189999744296,169.15,169.156,0.0494254283222233,169.18794381428867,169.13851838596645
102929827.55000025,102937110.0,-7282.4499997496605,169.18,169.16199999999998,0.04513059089640592,169.1867216890135,169.1415910981171
102928762.15000024,102935710.0,-6947.849999755621,169.21,169.171,0.043644543444287365,169.1903029676268,169.1466584241825
102928648.15000024,102935560.0,-6911.849999755621,168.95,169.13899999999998,0.021242146797277428,169.1533332802996,169.1320911335023
102922014.49000025,102926820.0,-4805.509999752045,168.76,169.10899999999998,-0.011708359371141341,169.0928204679458,169.10452882731695
102925001.01000023,102930760.0,-5758.989999771118,169.03,169.11999999999998,-0.01585239287209106,169.08315578056954,169.09900817344163
102920504.43000023,102924820.0,-4315.56999976933,168.81,169.09300000000002,-0.03646834626601958,169.04113181432808,169.0776001605941
102918138.15000024,102921690.0,-3551.849999755621,168.67,169.04600000000002,-0.0633729439818751,168.98403461212376,169.04740755610564
102918002.25000025,102921510.0,-3507.7499997466803,168.7,168.98700000000002,-0.0813366835714362,168.94033697948933,169.02167366306077
102918145.51000026,102921700.0,-3554.489999741316,168.76,168.92200000000003,-0.08969759996131188,168.91259282879867,169.00229042875998
102917972.32000026,102921470.0,-3497.6799997389317,168.71,168.87800000000001,-0.09921458459768928,168.88142470129117,168.98063928588886
102915821.60000025,102918610.0,-2788.3999997526407,168.57,168.817,-0.1167083522233554,168.83351320878484,168.9502215610082
102918442.59000024,102922100.0,-3657.409999758005,168.8,168.776,-0.11073670746031894,168.82835733051024,168.93909403797056
102920805.09000024,102925250.0,-4444.909999758005,169.1,168.791,-0.08086448768915488,168.87014851043173,168.9510129981209
102920220.87000024,102924470.0,-4249.129999756813,168.94,168.809,-0.0693023270400488,168.88089489344225,168.9501972204823
102921529.87000023,102926220.0,-4690.129999771714,169.0,168.80599999999998,-0.05466755927179179,168.89921875598958,168.95388631526137
102921948.19000019,102926780.0,-4831.809999808669,169.14,168.839,-0.031410489832012445,168.93626202429888,168.9676725141309
102919687.8100002,102923750.0,-4062.1899998039007,169.03,168.875,-0.021606113606196686,168.95068325132982,168.97228936493602
102925707.41000019,102931830.0,-6122.589999809861,169.29,168.93400000000003,0.007062341996430632,169.0028858280483,168.99582348605188
102924405.41000018,102930080.0,-5674.589999824762,169.13,168.97099999999998,0.016679367417339108,169.0224418545024,169.00576248708506
102928818.83000019,102936020.0,-7201.169999808073,169.49,169.04899999999998,0.052741944400480634,169.09437387688666,169.04163193248618
102932736.59000018,102941300.0,-8563.40999981761,169.84,169.176,0.10831528027730997,169.20908558813488,169.10077030785757
102931728.83000019,102939940.0,-8211.169999808073,169.86,169.28199999999998,0.1522167225708131,169.30922626688337,169.15700954431256
102932513.23000018,102941000.0,-8486.769999817014,169.89,169.36100000000002,0.18727093835548203,169.39857607197823,169.21130513362274
102930754.41000019,102938620.0,-7865.589999809861,169.81,169.448,0.2062191594021101,169.46187206090465,169.25565290150254
102933411.21000017,102942220.0,-8808.789999827743,169.74,169.522,0.2131305102574288,169.50466097461162,169.2915304643542
102932320.45000018,102940740.0,-8419.549999818206,169.68,169.576,0.211330223773615,169.53163620928677,169.32030598551316
102930576.13000019,102938370.0,-7793.869999811053,169.62,169.635,0.20272509648543746,169.54523063862726,169.34250554214182
102928988.5300002,102936210.0,-7221.469999805093,169.5,169.656,0.18410028055899375,169.53827207883845,169.35417179827945
102929627.11000018,102937080.0,-7452.889999821782,169.66,169.709,0.18017371217717937,169.55699945132483,169.37682573914765
102929399.88000019,102936770.0,-7370.119999811053,169.6,169.72,0.17025775447430647,169.56361492035177,169.39335716587746
102933301.44000016,102942100.0,-8798.559999838471,169.83,169.719,0.1788961607815054,169.60459724029766,169.42570107951616
102934076.30000015,102943160.0,-9083.699999853969,169.8,169.71300000000002,0.18123227785088147,169.6346592033288,169.4534269254779
102932572.50000018,102941100.0,-8527.499999821186,169.68,169.692,0.171424594325714,169.64163471050898,169.47021011618327
102932834.94000016,102941460.0,-8625.059999838471,169.69,169.68,0.16258467595901038,169.64907552427684,169.48649084831783
102933009.66000018,102941700.0,-8690.339999824762,169.72,169.678,0.15619915956389718,169.6599869820804,169.5037878225165
102931701.0600002,102939900.0,-8198.9399998039,169.59,169.669,0.13904584433055334,169.64921975406804,169.5101739097375
102930038.5200002,102937610.0,-7571.479999795556,169.38,169.645,0.10726993246018424,169.60780133036528,169.5005313979051
102932706.52000019,102941290.0,-8583.479999810457,169.66,169.661,0.10348800797530089,169.61583189492447,169.51234388694917
102932547.24000019,102941070.0,-8522.75999981165,169.64,169.659,0.09775016961276606,169.61955006493608,169.5217998953233
102931708.56000018,102939910.0,-8201.439999818802,169.55,169.654,0.08496126297987416,169.60885005494592,169.52388879196604
102931932.38000022,102940220.0,-8287.619999781251,169.55,169.626,0.07397324481473788,169.59979620033886,169.52582295552412
102931925.17000024,102940210.0,-8284.829999759793,169.57,169.603,0.0661168403284762,169.59521216951748,169.529095329189
102933789.97000022,102942800.0,-9010.029999777675,169.75,169.60999999999999,0.07356704376144307,169.61902568189942,169.54545863813797
102923882.1500002,102929020.0,-5137.849999800324,169.12,169.55299999999997,0.028309316607646906,169.54225250006874,169.5139431834611
102921390.69000018,102925550.0,-4159.30999982357,168.99,169.48,-0.017842000297548566,169.45729057698125,169.4751325772788
102923262.06000018,102928160.0,-4897.939999818802,169.07,169.42799999999997,-0.04741534544780279,169.39770741129183,169.44512275673964
102923032.94000016,102927840.0,-4807.059999838471,168.96,169.386,-0.07881992816726324,169.33036780955462,169.40918773772188
102922546.74000016,102927160.0,-4613.259999841452,168.87,169.30700000000002,-0.10970591259797402,169.25954199270006,169.36924790529804
102924024.72000016,102929230.0,-5205.279999837279,168.96,169.239,-0.12547463643858237,169.21345860920775,169.33893324564633
102925208.30000018,102930890.0,-5681.699999824166,169.03,169.18699999999998,-0.13081509373319022,169.18523420779118,169.31604930152437
